engine,engine_version,sample_id,source,content_type,style,font,level,cer,wer,cer_strict,exact,ms
tesseract,5.3.4,syn0000,synthetic,sentence,nastaliq,noto-nastaliq,clean,0.1388888888888889,0.5714285714285714,0.1388888888888889,False,39.430820999996286
tesseract,5.3.4,syn0001,synthetic,sentence,nastaliq,noto-nastaliq,mild,0.1388888888888889,0.5714285714285714,0.1388888888888889,False,47.36094800000501
tesseract,5.3.4,syn0002,synthetic,sentence,nastaliq,noto-nastaliq,heavy,0.5555555555555556,0.8571428571428571,0.5555555555555556,False,43.30016100000478
tesseract,5.3.4,syn0003,synthetic,sentence,nastaliq,gulzar,clean,0.19444444444444445,0.5714285714285714,0.19444444444444445,False,31.99883900001055
tesseract,5.3.4,syn0004,synthetic,sentence,nastaliq,gulzar,mild,0.19444444444444445,0.5714285714285714,0.19444444444444445,False,36.13673700000675
tesseract,5.3.4,syn0005,synthetic,sentence,nastaliq,gulzar,heavy,1.0,1.0,1.0,False,26.181585000003338
tesseract,5.3.4,syn0006,synthetic,sentence,naskh,lateef,clean,0.0,0.0,0.0,True,39.68625999999631
tesseract,5.3.4,syn0007,synthetic,sentence,naskh,lateef,mild,1.0,1.0,1.0,False,48.22103600000105
tesseract,5.3.4,syn0008,synthetic,sentence,naskh,lateef,heavy,1.0,1.0,1.0,False,29.29555899999059
tesseract,5.3.4,syn0009,synthetic,sentence,naskh,noto-naskh,clean,0.0,0.0,0.0,True,40.19383399999299
tesseract,5.3.4,syn0010,synthetic,sentence,naskh,noto-naskh,mild,0.0,0.0,0.0,True,43.91593600000476
tesseract,5.3.4,syn0011,synthetic,sentence,naskh,noto-naskh,heavy,1.0,1.0,1.0,False,28.88028399999598
tesseract,5.3.4,syn0012,synthetic,sentence,naskh,scheherazade,clean,0.0,0.0,0.0,True,42.20180899999093
tesseract,5.3.4,syn0013,synthetic,sentence,naskh,scheherazade,mild,0.027777777777777776,0.14285714285714285,0.027777777777777776,False,46.98930400000734
tesseract,5.3.4,syn0014,synthetic,sentence,naskh,scheherazade,heavy,1.0,1.0,1.0,False,34.867839000000345
tesseract,5.3.4,syn0015,synthetic,sentence,nastaliq,noto-nastaliq,clean,0.2972972972972973,0.875,0.2972972972972973,False,41.39355300000602
tesseract,5.3.4,syn0016,synthetic,sentence,nastaliq,noto-nastaliq,mild,0.2972972972972973,1.0,0.2972972972972973,False,39.13007900000309
tesseract,5.3.4,syn0017,synthetic,sentence,nastaliq,noto-nastaliq,heavy,0.6486486486486487,0.875,0.6486486486486487,False,47.30842800000801
tesseract,5.3.4,syn0018,synthetic,sentence,nastaliq,gulzar,clean,0.4864864864864865,1.0,0.4864864864864865,False,38.68310200000735
tesseract,5.3.4,syn0019,synthetic,sentence,nastaliq,gulzar,mild,0.35135135135135137,0.875,0.35135135135135137,False,41.15610599998831
tesseract,5.3.4,syn0020,synthetic,sentence,nastaliq,gulzar,heavy,1.0,1.0,1.0,False,26.745844000004126
tesseract,5.3.4,syn0021,synthetic,sentence,naskh,lateef,clean,0.0,0.0,0.0,True,38.175328000008335
tesseract,5.3.4,syn0022,synthetic,sentence,naskh,lateef,mild,0.0,0.0,0.0,True,42.134051999994426
tesseract,5.3.4,syn0023,synthetic,sentence,naskh,lateef,heavy,0.02702702702702703,0.125,0.02702702702702703,False,52.81445900000392
tesseract,5.3.4,syn0024,synthetic,sentence,naskh,noto-naskh,clean,0.0,0.0,0.0,True,44.81830899999295
tesseract,5.3.4,syn0025,synthetic,sentence,naskh,noto-naskh,mild,0.0,0.0,0.0,True,45.994112000002474
tesseract,5.3.4,syn0026,synthetic,sentence,naskh,noto-naskh,heavy,1.0,1.0,1.0,False,33.35331099999905
tesseract,5.3.4,syn0027,synthetic,sentence,naskh,scheherazade,clean,0.02702702702702703,0.25,0.02702702702702703,False,39.70966099998918
tesseract,5.3.4,syn0028,synthetic,sentence,naskh,scheherazade,mild,0.0,0.0,0.0,True,46.84022499999685
tesseract,5.3.4,syn0029,synthetic,sentence,naskh,scheherazade,heavy,1.0,1.0,1.0,False,32.595181000004914
tesseract,5.3.4,syn0030,synthetic,sentence,nastaliq,noto-nastaliq,clean,0.20454545454545456,0.6363636363636364,0.20454545454545456,False,35.20218200000613
tesseract,5.3.4,syn0031,synthetic,sentence,nastaliq,noto-nastaliq,mild,0.5909090909090909,0.9090909090909091,0.5909090909090909,False,75.32792400000687
tesseract,5.3.4,syn0032,synthetic,sentence,nastaliq,noto-nastaliq,heavy,1.0,1.0,1.0,False,40.944468000006395
tesseract,5.3.4,syn0033,synthetic,sentence,nastaliq,gulzar,clean,0.4090909090909091,0.9090909090909091,0.4090909090909091,False,36.30639299998961
tesseract,5.3.4,syn0034,synthetic,sentence,nastaliq,gulzar,mild,0.38636363636363635,0.8181818181818182,0.38636363636363635,False,42.14527399999213
tesseract,5.3.4,syn0035,synthetic,sentence,nastaliq,gulzar,heavy,1.0,1.0,1.0,False,31.68472199999428
tesseract,5.3.4,syn0036,synthetic,sentence,naskh,lateef,clean,0.0,0.0,0.0,True,40.48129599999584
tesseract,5.3.4,syn0037,synthetic,sentence,naskh,lateef,mild,0.4090909090909091,0.6363636363636364,0.4090909090909091,False,49.99278600000423
tesseract,5.3.4,syn0038,synthetic,sentence,naskh,lateef,heavy,1.0,1.0,1.0,False,30.493379999995796
tesseract,5.3.4,syn0039,synthetic,sentence,naskh,noto-naskh,clean,0.0,0.0,0.0,True,46.25094799999374
tesseract,5.3.4,syn0040,synthetic,sentence,naskh,noto-naskh,mild,0.0,0.0,0.0,True,50.60360500000627
tesseract,5.3.4,syn0041,synthetic,sentence,naskh,noto-naskh,heavy,1.0,1.0,1.0,False,27.81074600000011
tesseract,5.3.4,syn0042,synthetic,sentence,naskh,scheherazade,clean,0.0,0.0,0.0,True,46.102044999997815
tesseract,5.3.4,syn0043,synthetic,sentence,naskh,scheherazade,mild,0.0,0.0,0.0,True,64.39269300000205
tesseract,5.3.4,syn0044,synthetic,sentence,naskh,scheherazade,heavy,0.5681818181818182,0.8181818181818182,0.5681818181818182,False,75.05996500000833
tesseract,5.3.4,syn0045,synthetic,sentence,nastaliq,noto-nastaliq,clean,0.2,0.8571428571428571,0.2,False,36.62798100000941
tesseract,5.3.4,syn0046,synthetic,sentence,nastaliq,noto-nastaliq,mild,0.2,0.7142857142857143,0.2,False,37.62680900000248
tesseract,5.3.4,syn0047,synthetic,sentence,nastaliq,noto-nastaliq,heavy,0.34285714285714286,1.0,0.34285714285714286,False,37.20010700000387
tesseract,5.3.4,syn0048,synthetic,sentence,nastaliq,gulzar,clean,0.11428571428571428,0.42857142857142855,0.11428571428571428,False,32.96506300000601
tesseract,5.3.4,syn0049,synthetic,sentence,nastaliq,gulzar,mild,0.45714285714285713,0.8571428571428571,0.45714285714285713,False,48.019268000004445
tesseract,5.3.4,syn0050,synthetic,sentence,nastaliq,gulzar,heavy,0.6571428571428571,1.0,0.6857142857142857,False,40.21571600000584
tesseract,5.3.4,syn0051,synthetic,sentence,naskh,lateef,clean,0.0,0.0,0.0,True,38.8068629999907
tesseract,5.3.4,syn0052,synthetic,sentence,naskh,lateef,mild,0.0,0.0,0.0,True,42.317712999988544
tesseract,5.3.4,syn0053,synthetic,sentence,naskh,lateef,heavy,1.0,1.0,1.0,False,32.274338000007674
tesseract,5.3.4,syn0054,synthetic,sentence,naskh,noto-naskh,clean,0.0,0.0,0.0,True,43.36509799999533
tesseract,5.3.4,syn0055,synthetic,sentence,naskh,noto-naskh,mild,0.0,0.0,0.0,True,41.07307099999957
tesseract,5.3.4,syn0056,synthetic,sentence,naskh,noto-naskh,heavy,1.0,1.0,1.0,False,29.751946000004637
tesseract,5.3.4,syn0057,synthetic,sentence,naskh,scheherazade,clean,0.0,0.0,0.0,True,38.68442899999991
tesseract,5.3.4,syn0058,synthetic,sentence,naskh,scheherazade,mild,0.02857142857142857,0.2857142857142857,0.02857142857142857,False,53.482805000001576
tesseract,5.3.4,syn0059,synthetic,sentence,naskh,scheherazade,heavy,0.5142857142857142,1.4285714285714286,0.5142857142857142,False,69.81090700000436
tesseract,5.3.4,syn0060,synthetic,sentence,nastaliq,noto-nastaliq,clean,0.14285714285714285,0.45454545454545453,0.14285714285714285,False,49.187624999987634
tesseract,5.3.4,syn0061,synthetic,sentence,nastaliq,noto-nastaliq,mild,0.5306122448979592,0.8181818181818182,0.5306122448979592,False,66.81634799998903
tesseract,5.3.4,syn0062,synthetic,sentence,nastaliq,noto-nastaliq,heavy,1.0,1.0,1.0,False,47.452395999997066
tesseract,5.3.4,syn0063,synthetic,sentence,nastaliq,gulzar,clean,0.20408163265306123,0.5454545454545454,0.20408163265306123,False,43.858380000003194
tesseract,5.3.4,syn0064,synthetic,sentence,nastaliq,gulzar,mild,0.3877551020408163,0.8181818181818182,0.3877551020408163,False,74.7852220000027
tesseract,5.3.4,syn0065,synthetic,sentence,nastaliq,gulzar,heavy,1.0,1.0,1.0,False,48.240050000003976
tesseract,5.3.4,syn0066,synthetic,sentence,naskh,lateef,clean,0.0,0.0,0.0,True,46.13105800000028
tesseract,5.3.4,syn0067,synthetic,sentence,naskh,lateef,mild,0.2653061224489796,0.45454545454545453,0.2653061224489796,False,56.62936699999932
tesseract,5.3.4,syn0068,synthetic,sentence,naskh,lateef,heavy,0.14285714285714285,0.18181818181818182,0.16326530612244897,False,46.65338799999574
tesseract,5.3.4,syn0069,synthetic,sentence,naskh,noto-naskh,clean,0.0,0.0,0.0,True,53.8986649999913
tesseract,5.3.4,syn0070,synthetic,sentence,naskh,noto-naskh,mild,0.32653061224489793,0.45454545454545453,0.32653061224489793,False,64.02637199998651
tesseract,5.3.4,syn0071,synthetic,sentence,naskh,noto-naskh,heavy,0.0,0.0,0.0,True,50.76852300000212
tesseract,5.3.4,syn0072,synthetic,sentence,naskh,scheherazade,clean,0.0,0.0,0.0,True,45.92439700000739
tesseract,5.3.4,syn0073,synthetic,sentence,naskh,scheherazade,mild,0.02040816326530612,0.18181818181818182,0.02040816326530612,False,54.98728199999903
tesseract,5.3.4,syn0074,synthetic,sentence,naskh,scheherazade,heavy,0.7551020408163265,1.0,0.7551020408163265,False,107.53421500000115
tesseract,5.3.4,syn0075,synthetic,sentence,nastaliq,noto-nastaliq,clean,0.27586206896551724,0.5,0.27586206896551724,False,32.456547999998975
tesseract,5.3.4,syn0076,synthetic,sentence,nastaliq,noto-nastaliq,mild,0.27586206896551724,0.625,0.27586206896551724,False,50.75931900000796
tesseract,5.3.4,syn0077,synthetic,sentence,nastaliq,noto-nastaliq,heavy,1.0,1.0,1.0,False,34.80533500000149
tesseract,5.3.4,syn0078,synthetic,sentence,nastaliq,gulzar,clean,0.3448275862068966,0.875,0.3448275862068966,False,32.93745500000966
tesseract,5.3.4,syn0079,synthetic,sentence,nastaliq,gulzar,mild,0.5172413793103449,0.875,0.5172413793103449,False,36.694857000000525
tesseract,5.3.4,syn0080,synthetic,sentence,nastaliq,gulzar,heavy,0.5862068965517241,0.875,0.5862068965517241,False,51.74366399999997
tesseract,5.3.4,syn0081,synthetic,sentence,naskh,lateef,clean,0.0,0.0,0.0,True,32.47457000000509
tesseract,5.3.4,syn0082,synthetic,sentence,naskh,lateef,mild,0.0,0.0,0.0,True,40.93211900000426
tesseract,5.3.4,syn0083,synthetic,sentence,naskh,lateef,heavy,0.0,0.0,0.0,True,41.75723499999151
tesseract,5.3.4,syn0084,synthetic,sentence,naskh,noto-naskh,clean,0.0,0.0,0.0,True,33.11435199999835
tesseract,5.3.4,syn0085,synthetic,sentence,naskh,noto-naskh,mild,0.0,0.0,0.0,True,42.17643100000146
tesseract,5.3.4,syn0086,synthetic,sentence,naskh,noto-naskh,heavy,1.0,1.0,1.0,False,26.600455000007628
tesseract,5.3.4,syn0087,synthetic,sentence,naskh,scheherazade,clean,1.0,1.0,1.0,False,21.31946299999754
tesseract,5.3.4,syn0088,synthetic,sentence,naskh,scheherazade,mild,0.8620689655172413,1.0,0.8620689655172413,False,51.5518950000029
tesseract,5.3.4,syn0089,synthetic,sentence,naskh,scheherazade,heavy,1.0,1.0,1.0,False,28.748556000010694
tesseract,5.3.4,syn0090,synthetic,sentence,nastaliq,noto-nastaliq,clean,0.1702127659574468,0.8,0.1702127659574468,False,41.78493700000274
tesseract,5.3.4,syn0091,synthetic,sentence,nastaliq,noto-nastaliq,mild,0.23404255319148937,0.9,0.23404255319148937,False,45.88839299999847
tesseract,5.3.4,syn0092,synthetic,sentence,nastaliq,noto-nastaliq,heavy,0.1702127659574468,0.6,0.1702127659574468,False,55.47145600000647
tesseract,5.3.4,syn0093,synthetic,sentence,nastaliq,gulzar,clean,0.1702127659574468,0.6,0.1702127659574468,False,41.89488699999799
tesseract,5.3.4,syn0094,synthetic,sentence,nastaliq,gulzar,mild,0.1276595744680851,0.5,0.1276595744680851,False,38.572104000010654
tesseract,5.3.4,syn0095,synthetic,sentence,nastaliq,gulzar,heavy,1.0,1.0,1.0,False,27.126807000001918
tesseract,5.3.4,syn0096,synthetic,sentence,naskh,lateef,clean,0.02127659574468085,0.1,0.02127659574468085,False,40.61222800000053
tesseract,5.3.4,syn0097,synthetic,sentence,naskh,lateef,mild,0.0,0.0,0.0,True,44.029081999994446
tesseract,5.3.4,syn0098,synthetic,sentence,naskh,lateef,heavy,0.5106382978723404,0.7,0.5106382978723404,False,62.04908799999487
tesseract,5.3.4,syn0099,synthetic,sentence,naskh,noto-naskh,clean,0.0,0.0,0.0,True,45.64394999999877
tesseract,5.3.4,syn0100,synthetic,sentence,naskh,noto-naskh,mild,0.0,0.0,0.0,True,52.30786399999943
tesseract,5.3.4,syn0101,synthetic,sentence,naskh,noto-naskh,heavy,0.7021276595744681,1.0,0.7021276595744681,False,59.23413499999697
tesseract,5.3.4,syn0102,synthetic,sentence,naskh,scheherazade,clean,0.0,0.0,0.0,True,41.53143500001022
tesseract,5.3.4,syn0103,synthetic,sentence,naskh,scheherazade,mild,0.0,0.0,0.0,True,48.789866999996434
tesseract,5.3.4,syn0104,synthetic,sentence,naskh,scheherazade,heavy,1.0,1.0,1.0,False,40.81643600000007
tesseract,5.3.4,syn0105,synthetic,sentence,nastaliq,noto-nastaliq,clean,0.23076923076923078,0.875,0.23076923076923078,False,41.50786499999981
tesseract,5.3.4,syn0106,synthetic,sentence,nastaliq,noto-nastaliq,mild,0.20512820512820512,1.0,0.20512820512820512,False,44.40370999999743
tesseract,5.3.4,syn0107,synthetic,sentence,nastaliq,noto-nastaliq,heavy,1.0,1.0,1.0,False,30.96021300000018
tesseract,5.3.4,syn0108,synthetic,sentence,nastaliq,gulzar,clean,1.0,1.0,1.0,False,22.77767600000402
tesseract,5.3.4,syn0109,synthetic,sentence,nastaliq,gulzar,mild,0.20512820512820512,0.5,0.20512820512820512,False,43.07079599999497
tesseract,5.3.4,syn0110,synthetic,sentence,nastaliq,gulzar,heavy,1.0,1.0,1.0,False,40.17976800000156
tesseract,5.3.4,syn0111,synthetic,sentence,naskh,lateef,clean,0.1282051282051282,0.25,0.1282051282051282,False,42.04116700000782
tesseract,5.3.4,syn0112,synthetic,sentence,naskh,lateef,mild,0.0,0.0,0.0,True,43.10895399999026
tesseract,5.3.4,syn0113,synthetic,sentence,naskh,lateef,heavy,1.0,1.0,1.0,False,30.855002999999215
tesseract,5.3.4,syn0114,synthetic,sentence,naskh,noto-naskh,clean,0.0,0.0,0.0,True,46.144208000001186
tesseract,5.3.4,syn0115,synthetic,sentence,naskh,noto-naskh,mild,0.0,0.0,0.0,True,43.98426999999572
tesseract,5.3.4,syn0116,synthetic,sentence,naskh,noto-naskh,heavy,0.1794871794871795,0.625,0.1794871794871795,False,43.985430999995856
tesseract,5.3.4,syn0117,synthetic,sentence,naskh,scheherazade,clean,0.0,0.0,0.0,True,40.213889000000336
tesseract,5.3.4,syn0118,synthetic,sentence,naskh,scheherazade,mild,0.0,0.0,0.0,True,46.92186799999831
tesseract,5.3.4,syn0119,synthetic,sentence,naskh,scheherazade,heavy,1.0,1.0,1.0,False,31.982999999996764
tesseract,5.3.4,syn0120,synthetic,sentence,nastaliq,noto-nastaliq,clean,0.17073170731707318,0.6666666666666666,0.17073170731707318,False,35.76107199999967
tesseract,5.3.4,syn0121,synthetic,sentence,nastaliq,noto-nastaliq,mild,0.17073170731707318,0.4444444444444444,0.17073170731707318,False,42.604623999991986
tesseract,5.3.4,syn0122,synthetic,sentence,nastaliq,noto-nastaliq,heavy,1.0,1.0,1.0,False,36.78773600000795
tesseract,5.3.4,syn0123,synthetic,sentence,nastaliq,gulzar,clean,0.21951219512195122,0.6666666666666666,0.21951219512195122,False,38.50655200000119
tesseract,5.3.4,syn0124,synthetic,sentence,nastaliq,gulzar,mild,0.1951219512195122,0.5555555555555556,0.1951219512195122,False,43.584838000001014
tesseract,5.3.4,syn0125,synthetic,sentence,nastaliq,gulzar,heavy,1.0,1.0,1.0,False,30.23243799999875
tesseract,5.3.4,syn0126,synthetic,sentence,naskh,lateef,clean,0.0,0.0,0.0,True,42.847829999999476
tesseract,5.3.4,syn0127,synthetic,sentence,naskh,lateef,mild,0.0,0.0,0.0,True,46.15507399999785
tesseract,5.3.4,syn0128,synthetic,sentence,naskh,lateef,heavy,0.04878048780487805,0.2222222222222222,0.04878048780487805,False,40.279377999993926
tesseract,5.3.4,syn0129,synthetic,sentence,naskh,noto-naskh,clean,0.0,0.0,0.0,True,53.00276299999496
tesseract,5.3.4,syn0130,synthetic,sentence,naskh,noto-naskh,mild,0.0,0.0,0.0,True,58.73364199999287
tesseract,5.3.4,syn0131,synthetic,sentence,naskh,noto-naskh,heavy,1.0,1.0,1.0,False,34.943814000001794
tesseract,5.3.4,syn0132,synthetic,sentence,naskh,scheherazade,clean,0.0,0.0,0.0,True,46.57326400000272
tesseract,5.3.4,syn0133,synthetic,sentence,naskh,scheherazade,mild,0.0,0.0,0.0,True,52.68682699998806
tesseract,5.3.4,syn0134,synthetic,sentence,naskh,scheherazade,heavy,1.0,1.0,1.0,False,28.566132000008793
tesseract,5.3.4,syn0135,synthetic,sentence,nastaliq,noto-nastaliq,clean,0.07894736842105263,0.3333333333333333,0.07894736842105263,False,40.57875799999522
tesseract,5.3.4,syn0136,synthetic,sentence,nastaliq,noto-nastaliq,mild,0.9210526315789473,1.0,0.9210526315789473,False,52.28800799999078
tesseract,5.3.4,syn0137,synthetic,sentence,nastaliq,noto-nastaliq,heavy,1.0,1.0,1.0,False,43.75849999999559
tesseract,5.3.4,syn0138,synthetic,sentence,nastaliq,gulzar,clean,0.18421052631578946,0.5555555555555556,0.18421052631578946,False,36.03105900000969
tesseract,5.3.4,syn0139,synthetic,sentence,nastaliq,gulzar,mild,0.2894736842105263,0.7777777777777778,0.2894736842105263,False,42.92540899999153
tesseract,5.3.4,syn0140,synthetic,sentence,nastaliq,gulzar,heavy,1.0,1.0,1.0,False,40.504228000003195
tesseract,5.3.4,syn0141,synthetic,sentence,naskh,lateef,clean,0.0,0.0,0.0,True,42.11546999999882
tesseract,5.3.4,syn0142,synthetic,sentence,naskh,lateef,mild,0.0,0.0,0.0,True,42.692517999995516
tesseract,5.3.4,syn0143,synthetic,sentence,naskh,lateef,heavy,0.0,0.0,0.0,True,50.31739199999663
tesseract,5.3.4,syn0144,synthetic,sentence,naskh,noto-naskh,clean,0.0,0.0,0.0,True,43.28490900000759
tesseract,5.3.4,syn0145,synthetic,sentence,naskh,noto-naskh,mild,0.0,0.0,0.0,True,47.08819699999367
tesseract,5.3.4,syn0146,synthetic,sentence,naskh,noto-naskh,heavy,1.0,1.0,1.0,False,27.271542000008253
tesseract,5.3.4,syn0147,synthetic,sentence,naskh,scheherazade,clean,0.0,0.0,0.0,True,36.88874200000214
tesseract,5.3.4,syn0148,synthetic,sentence,naskh,scheherazade,mild,0.05263157894736842,0.1111111111111111,0.05263157894736842,False,43.14425700000868
tesseract,5.3.4,syn0149,synthetic,sentence,naskh,scheherazade,heavy,1.0,1.0,1.0,False,38.307465000002594
tesseract,5.3.4,syn0150,synthetic,sentence,nastaliq,noto-nastaliq,clean,0.20930232558139536,0.5,0.20930232558139536,False,39.221780000005424
tesseract,5.3.4,syn0151,synthetic,sentence,nastaliq,noto-nastaliq,mild,0.8372093023255814,1.0,0.8372093023255814,False,56.02220899999111
tesseract,5.3.4,syn0152,synthetic,sentence,nastaliq,noto-nastaliq,heavy,0.2558139534883721,0.7,0.2558139534883721,False,46.68388900000764
tesseract,5.3.4,syn0153,synthetic,sentence,nastaliq,gulzar,clean,0.16279069767441862,0.4,0.16279069767441862,False,38.73299500000371
tesseract,5.3.4,syn0154,synthetic,sentence,nastaliq,gulzar,mild,0.11627906976744186,0.3,0.11627906976744186,False,41.51085099999818
tesseract,5.3.4,syn0155,synthetic,sentence,nastaliq,gulzar,heavy,1.0,1.0,1.0,False,25.4605300000037
tesseract,5.3.4,syn0156,synthetic,sentence,naskh,lateef,clean,0.0,0.0,0.0,True,41.27914299999702
tesseract,5.3.4,syn0157,synthetic,sentence,naskh,lateef,mild,0.0,0.0,0.0,True,45.14999300000966
tesseract,5.3.4,syn0158,synthetic,sentence,naskh,lateef,heavy,0.23255813953488372,0.7,0.23255813953488372,False,66.19479399999761
tesseract,5.3.4,syn0159,synthetic,sentence,naskh,noto-naskh,clean,0.0,0.0,0.0,True,46.4013450000067
tesseract,5.3.4,syn0160,synthetic,sentence,naskh,noto-naskh,mild,0.0,0.0,0.0,True,51.63888799999938
tesseract,5.3.4,syn0161,synthetic,sentence,naskh,noto-naskh,heavy,0.0,0.0,0.0,True,56.129020000000196
tesseract,5.3.4,syn0162,synthetic,sentence,naskh,scheherazade,clean,1.0,1.0,1.0,False,22.009822000001122
tesseract,5.3.4,syn0163,synthetic,sentence,naskh,scheherazade,mild,0.0,0.0,0.0,True,56.382611000003635
tesseract,5.3.4,syn0164,synthetic,sentence,naskh,scheherazade,heavy,1.0,1.0,1.0,False,30.483371000002535
tesseract,5.3.4,syn0165,synthetic,sentence,nastaliq,noto-nastaliq,clean,0.3076923076923077,0.8333333333333334,0.3076923076923077,False,31.347772000003715
tesseract,5.3.4,syn0166,synthetic,sentence,nastaliq,noto-nastaliq,mild,0.15384615384615385,0.6666666666666666,0.15384615384615385,False,35.0578600000091
tesseract,5.3.4,syn0167,synthetic,sentence,nastaliq,noto-nastaliq,heavy,1.0,1.0,1.0,False,25.63529200000403
tesseract,5.3.4,syn0168,synthetic,sentence,nastaliq,gulzar,clean,0.34615384615384615,0.6666666666666666,0.34615384615384615,False,33.43522999999493
tesseract,5.3.4,syn0169,synthetic,sentence,nastaliq,gulzar,mild,0.3076923076923077,1.0,0.3076923076923077,False,38.47190300000136
tesseract,5.3.4,syn0170,synthetic,sentence,nastaliq,gulzar,heavy,1.0,1.0,1.0,False,30.876231999997117
tesseract,5.3.4,syn0171,synthetic,sentence,naskh,lateef,clean,0.0,0.0,0.0,True,34.74265599999171
tesseract,5.3.4,syn0172,synthetic,sentence,naskh,lateef,mild,1.0,1.0,1.0,False,21.78152900000896
tesseract,5.3.4,syn0173,synthetic,sentence,naskh,lateef,heavy,1.0,1.0,1.0,False,21.459594000006632
tesseract,5.3.4,syn0174,synthetic,sentence,naskh,noto-naskh,clean,0.0,0.0,0.0,True,38.233363999992775
tesseract,5.3.4,syn0175,synthetic,sentence,naskh,noto-naskh,mild,0.0,0.0,0.0,True,44.987207999994894
tesseract,5.3.4,syn0176,synthetic,sentence,naskh,noto-naskh,heavy,1.0,1.0,1.0,False,25.800850999999625
tesseract,5.3.4,syn0177,synthetic,sentence,naskh,scheherazade,clean,1.0,1.0,1.0,False,21.238010999994117
tesseract,5.3.4,syn0178,synthetic,sentence,naskh,scheherazade,mild,0.0,0.0,0.0,True,38.54208799999981
tesseract,5.3.4,syn0179,synthetic,sentence,naskh,scheherazade,heavy,1.0,1.0,1.0,False,24.500575999994112
tesseract,5.3.4,syn0180,synthetic,sentence,nastaliq,noto-nastaliq,clean,0.2641509433962264,0.75,0.2641509433962264,False,38.65920400001244
tesseract,5.3.4,syn0181,synthetic,sentence,nastaliq,noto-nastaliq,mild,0.20754716981132076,0.75,0.20754716981132076,False,60.056864999992854
tesseract,5.3.4,syn0182,synthetic,sentence,nastaliq,noto-nastaliq,heavy,0.20754716981132076,0.75,0.20754716981132076,False,56.36038699999801
tesseract,5.3.4,syn0183,synthetic,sentence,nastaliq,gulzar,clean,0.2641509433962264,0.9166666666666666,0.2641509433962264,False,42.85794699998746
tesseract,5.3.4,syn0184,synthetic,sentence,nastaliq,gulzar,mild,0.2830188679245283,0.8333333333333334,0.3018867924528302,False,58.50244799999871
tesseract,5.3.4,syn0185,synthetic,sentence,nastaliq,gulzar,heavy,1.0,1.0,1.0,False,37.181486999998015
tesseract,5.3.4,syn0186,synthetic,sentence,naskh,lateef,clean,0.0,0.0,0.0,True,52.00029799999584
tesseract,5.3.4,syn0187,synthetic,sentence,naskh,lateef,mild,0.0,0.0,0.0,True,56.642281999998545
tesseract,5.3.4,syn0188,synthetic,sentence,naskh,lateef,heavy,0.0,0.0,0.0,True,59.80737999999519
tesseract,5.3.4,syn0189,synthetic,sentence,naskh,noto-naskh,clean,0.0,0.0,0.0,True,51.54994500000498
tesseract,5.3.4,syn0190,synthetic,sentence,naskh,noto-naskh,mild,0.0,0.0,0.0,True,58.26440100000241
tesseract,5.3.4,syn0191,synthetic,sentence,naskh,noto-naskh,heavy,1.0,1.0,1.0,False,42.15388900000505
tesseract,5.3.4,syn0192,synthetic,sentence,naskh,scheherazade,clean,0.0,0.0,0.0,True,46.386185999992335
tesseract,5.3.4,syn0193,synthetic,sentence,naskh,scheherazade,mild,0.0,0.0,0.0,True,52.891978000005224
tesseract,5.3.4,syn0194,synthetic,sentence,naskh,scheherazade,heavy,1.0,1.0,1.0,False,47.97368900000265
tesseract,5.3.4,syn0195,synthetic,sentence,nastaliq,noto-nastaliq,clean,0.23809523809523808,0.8888888888888888,0.23809523809523808,False,37.6809330000043
tesseract,5.3.4,syn0196,synthetic,sentence,nastaliq,noto-nastaliq,mild,0.7142857142857143,1.0,0.7142857142857143,False,54.06515699999659
tesseract,5.3.4,syn0197,synthetic,sentence,nastaliq,noto-nastaliq,heavy,0.4523809523809524,1.0,0.4523809523809524,False,48.13477000000432
tesseract,5.3.4,syn0198,synthetic,sentence,nastaliq,gulzar,clean,0.35714285714285715,0.8888888888888888,0.35714285714285715,False,37.82483900000955
tesseract,5.3.4,syn0199,synthetic,sentence,nastaliq,gulzar,mild,0.3333333333333333,0.7777777777777778,0.3333333333333333,False,48.44998400000122
tesseract,5.3.4,syn0200,synthetic,sentence,nastaliq,gulzar,heavy,1.0,1.0,1.0,False,35.63804199998799
tesseract,5.3.4,syn0201,synthetic,sentence,naskh,lateef,clean,0.0,0.0,0.0,True,41.75250499999095
tesseract,5.3.4,syn0202,synthetic,sentence,naskh,lateef,mild,0.0,0.0,0.0,True,43.14185800001269
tesseract,5.3.4,syn0203,synthetic,sentence,naskh,lateef,heavy,1.0,1.0,1.0,False,31.538978000000384
tesseract,5.3.4,syn0204,synthetic,sentence,naskh,noto-naskh,clean,0.0,0.0,0.0,True,45.19366899999966
tesseract,5.3.4,syn0205,synthetic,sentence,naskh,noto-naskh,mild,0.0,0.0,0.0,True,49.85527200000206
tesseract,5.3.4,syn0206,synthetic,sentence,naskh,noto-naskh,heavy,0.0,0.0,0.0,True,50.05230800000504
tesseract,5.3.4,syn0207,synthetic,sentence,naskh,scheherazade,clean,0.0,0.0,0.0,True,39.903490000000374
tesseract,5.3.4,syn0208,synthetic,sentence,naskh,scheherazade,mild,0.0,0.0,0.0,True,43.38382699999954
tesseract,5.3.4,syn0209,synthetic,sentence,naskh,scheherazade,heavy,0.9047619047619048,1.4444444444444444,0.9523809523809523,False,85.16299199999366
tesseract,5.3.4,syn0210,synthetic,sentence,nastaliq,noto-nastaliq,clean,0.21052631578947367,0.5555555555555556,0.21052631578947367,False,38.55304399999682
tesseract,5.3.4,syn0211,synthetic,sentence,nastaliq,noto-nastaliq,mild,0.23684210526315788,0.5555555555555556,0.23684210526315788,False,56.047832000004405
tesseract,5.3.4,syn0212,synthetic,sentence,nastaliq,noto-nastaliq,heavy,1.0,1.0,1.0,False,27.965975999990178
tesseract,5.3.4,syn0213,synthetic,sentence,nastaliq,gulzar,clean,0.5526315789473685,1.0,0.5526315789473685,False,36.8323619999984
tesseract,5.3.4,syn0214,synthetic,sentence,nastaliq,gulzar,mild,0.21052631578947367,0.4444444444444444,0.21052631578947367,False,47.59267500000419
tesseract,5.3.4,syn0215,synthetic,sentence,nastaliq,gulzar,heavy,0.15789473684210525,0.4444444444444444,0.15789473684210525,False,38.66862300000662
tesseract,5.3.4,syn0216,synthetic,sentence,naskh,lateef,clean,0.0,0.0,0.0,True,39.559977999999774
tesseract,5.3.4,syn0217,synthetic,sentence,naskh,lateef,mild,0.0,0.0,0.0,True,40.28781200000253
tesseract,5.3.4,syn0218,synthetic,sentence,naskh,lateef,heavy,1.0,1.0,1.0,False,35.43286299999693
tesseract,5.3.4,syn0219,synthetic,sentence,naskh,noto-naskh,clean,0.0,0.0,0.0,True,40.55887600000574
tesseract,5.3.4,syn0220,synthetic,sentence,naskh,noto-naskh,mild,0.0,0.0,0.0,True,53.4943889999937
tesseract,5.3.4,syn0221,synthetic,sentence,naskh,noto-naskh,heavy,1.0,1.0,1.0,False,30.762531000007698
tesseract,5.3.4,syn0222,synthetic,sentence,naskh,scheherazade,clean,0.0,0.0,0.0,True,43.272729999998205
tesseract,5.3.4,syn0223,synthetic,sentence,naskh,scheherazade,mild,0.0,0.0,0.0,True,49.27883099999519
tesseract,5.3.4,syn0224,synthetic,sentence,naskh,scheherazade,heavy,0.7631578947368421,1.0,0.7631578947368421,False,76.46066299999177
tesseract,5.3.4,syn0225,synthetic,sentence,nastaliq,noto-nastaliq,clean,0.27906976744186046,0.8,0.27906976744186046,False,41.257751000003395
tesseract,5.3.4,syn0226,synthetic,sentence,nastaliq,noto-nastaliq,mild,0.7674418604651163,1.0,0.7674418604651163,False,62.37825600000235
tesseract,5.3.4,syn0227,synthetic,sentence,nastaliq,noto-nastaliq,heavy,1.0,1.0,1.0,False,62.86727100000178
tesseract,5.3.4,syn0228,synthetic,sentence,nastaliq,gulzar,clean,0.3023255813953488,0.9,0.3023255813953488,False,39.68508599999154
tesseract,5.3.4,syn0229,synthetic,sentence,nastaliq,gulzar,mild,0.4186046511627907,0.9,0.4186046511627907,False,58.76778700000784
tesseract,5.3.4,syn0230,synthetic,sentence,nastaliq,gulzar,heavy,1.0,1.0,1.0,False,39.39707399999293
tesseract,5.3.4,syn0231,synthetic,sentence,naskh,lateef,clean,0.0,0.0,0.0,True,42.664946000002146
tesseract,5.3.4,syn0232,synthetic,sentence,naskh,lateef,mild,1.0,1.0,1.0,False,29.884121000009145
tesseract,5.3.4,syn0233,synthetic,sentence,naskh,lateef,heavy,0.20930232558139536,0.4,0.20930232558139536,False,54.335623000000055
tesseract,5.3.4,syn0234,synthetic,sentence,naskh,noto-naskh,clean,0.0,0.0,0.0,True,50.07106100001124
tesseract,5.3.4,syn0235,synthetic,sentence,naskh,noto-naskh,mild,0.0,0.0,0.0,True,49.08024200000227
tesseract,5.3.4,syn0236,synthetic,sentence,naskh,noto-naskh,heavy,1.0,1.0,1.0,False,35.27915200000109
tesseract,5.3.4,syn0237,synthetic,sentence,naskh,scheherazade,clean,0.0,0.0,0.0,True,48.009311000001276
tesseract,5.3.4,syn0238,synthetic,sentence,naskh,scheherazade,mild,0.0,0.0,0.0,True,55.244559000001914
tesseract,5.3.4,syn0239,synthetic,sentence,naskh,scheherazade,heavy,0.7674418604651163,1.5,0.7674418604651163,False,86.63036800000157
tesseract,5.3.4,syn0240,synthetic,sentence,nastaliq,noto-nastaliq,clean,1.0,1.0,1.0,False,23.810017999991828
tesseract,5.3.4,syn0241,synthetic,sentence,nastaliq,noto-nastaliq,mild,1.0,1.0,1.0,False,25.284916000003932
tesseract,5.3.4,syn0242,synthetic,sentence,nastaliq,noto-nastaliq,heavy,0.38095238095238093,0.8888888888888888,0.38095238095238093,False,59.57933799999182
tesseract,5.3.4,syn0243,synthetic,sentence,nastaliq,gulzar,clean,0.19047619047619047,0.7777777777777778,0.19047619047619047,False,42.13476900000046
tesseract,5.3.4,syn0244,synthetic,sentence,nastaliq,gulzar,mild,0.19047619047619047,0.6666666666666666,0.19047619047619047,False,39.668211000005726
tesseract,5.3.4,syn0245,synthetic,sentence,nastaliq,gulzar,heavy,1.0,1.0,1.0,False,29.98142699999562
tesseract,5.3.4,syn0246,synthetic,sentence,naskh,lateef,clean,0.0,0.0,0.0,True,45.383293000000435
tesseract,5.3.4,syn0247,synthetic,sentence,naskh,lateef,mild,0.9047619047619048,1.0,0.9047619047619048,False,60.788239000004296
tesseract,5.3.4,syn0248,synthetic,sentence,naskh,lateef,heavy,1.0,1.0,1.0,False,38.725934000012785
tesseract,5.3.4,syn0249,synthetic,sentence,naskh,noto-naskh,clean,1.0,1.0,1.0,False,21.917592999997737
tesseract,5.3.4,syn0250,synthetic,sentence,naskh,noto-naskh,mild,0.023809523809523808,0.1111111111111111,0.023809523809523808,False,56.234117999991895
tesseract,5.3.4,syn0251,synthetic,sentence,naskh,noto-naskh,heavy,0.30952380952380953,0.6666666666666666,0.30952380952380953,False,43.55631199999266
tesseract,5.3.4,syn0252,synthetic,sentence,naskh,scheherazade,clean,0.0,0.0,0.0,True,44.38531799999623
tesseract,5.3.4,syn0253,synthetic,sentence,naskh,scheherazade,mild,0.0,0.0,0.0,True,49.44194500001231
tesseract,5.3.4,syn0254,synthetic,sentence,naskh,scheherazade,heavy,1.0,1.0,1.0,False,36.03423699999553
tesseract,5.3.4,syn0255,synthetic,sentence,nastaliq,noto-nastaliq,clean,0.23404255319148937,1.0,0.23404255319148937,False,41.3780370000012
tesseract,5.3.4,syn0256,synthetic,sentence,nastaliq,noto-nastaliq,mild,0.7446808510638298,1.0,0.7446808510638298,False,84.68358599999704
tesseract,5.3.4,syn0257,synthetic,sentence,nastaliq,noto-nastaliq,heavy,1.0,1.0,1.0,False,38.213863999999376
tesseract,5.3.4,syn0258,synthetic,sentence,nastaliq,gulzar,clean,0.2765957446808511,0.9,0.2765957446808511,False,41.852183999992576
tesseract,5.3.4,syn0259,synthetic,sentence,nastaliq,gulzar,mild,0.3617021276595745,0.9,0.3617021276595745,False,59.194124000001125
tesseract,5.3.4,syn0260,synthetic,sentence,nastaliq,gulzar,heavy,0.574468085106383,0.9,0.574468085106383,False,66.2281379999996
tesseract,5.3.4,syn0261,synthetic,sentence,naskh,lateef,clean,0.0,0.0,0.0,True,46.235114000012345
tesseract,5.3.4,syn0262,synthetic,sentence,naskh,lateef,mild,0.0,0.0,0.0,True,48.32426100000475
tesseract,5.3.4,syn0263,synthetic,sentence,naskh,lateef,heavy,0.0,0.0,0.0,True,50.95355800000334
tesseract,5.3.4,syn0264,synthetic,sentence,naskh,noto-naskh,clean,0.0,0.0,0.0,True,51.59746599998982
tesseract,5.3.4,syn0265,synthetic,sentence,naskh,noto-naskh,mild,0.0,0.0,0.0,True,53.379796000001534
tesseract,5.3.4,syn0266,synthetic,sentence,naskh,noto-naskh,heavy,0.0,0.0,0.0,True,59.8964240000015
tesseract,5.3.4,syn0267,synthetic,sentence,naskh,scheherazade,clean,0.0,0.0,0.0,True,43.55639599999961
tesseract,5.3.4,syn0268,synthetic,sentence,naskh,scheherazade,mild,0.0,0.0,0.0,True,55.87967499999991
tesseract,5.3.4,syn0269,synthetic,sentence,naskh,scheherazade,heavy,1.0,1.0,1.0,False,39.56348399999854
tesseract,5.3.4,syn0270,synthetic,sentence,nastaliq,noto-nastaliq,clean,0.35135135135135137,0.875,0.35135135135135137,False,38.12755499998843
tesseract,5.3.4,syn0271,synthetic,sentence,nastaliq,noto-nastaliq,mild,0.3783783783783784,0.875,0.3783783783783784,False,52.828261999991355
tesseract,5.3.4,syn0272,synthetic,sentence,nastaliq,noto-nastaliq,heavy,1.0,1.0,1.0,False,29.35284199999444
tesseract,5.3.4,syn0273,synthetic,sentence,nastaliq,gulzar,clean,0.21621621621621623,0.625,0.21621621621621623,False,37.94062299999723
tesseract,5.3.4,syn0274,synthetic,sentence,nastaliq,gulzar,mild,0.32432432432432434,0.75,0.32432432432432434,False,40.01017500000614
tesseract,5.3.4,syn0275,synthetic,sentence,nastaliq,gulzar,heavy,0.40540540540540543,1.0,0.40540540540540543,False,39.76044000000911
tesseract,5.3.4,syn0276,synthetic,sentence,naskh,lateef,clean,0.0,0.0,0.0,True,34.565499000009936
tesseract,5.3.4,syn0277,synthetic,sentence,naskh,lateef,mild,0.0,0.0,0.0,True,37.15006000000187
tesseract,5.3.4,syn0278,synthetic,sentence,naskh,lateef,heavy,1.0,1.0,1.0,False,26.307372999994527
tesseract,5.3.4,syn0279,synthetic,sentence,naskh,noto-naskh,clean,0.0,0.0,0.0,True,38.43255300000692
tesseract,5.3.4,syn0280,synthetic,sentence,naskh,noto-naskh,mild,0.0,0.0,0.0,True,46.45334699999637
tesseract,5.3.4,syn0281,synthetic,sentence,naskh,noto-naskh,heavy,0.10810810810810811,0.5,0.10810810810810811,False,36.88202799999374
tesseract,5.3.4,syn0282,synthetic,sentence,naskh,scheherazade,clean,0.0,0.0,0.0,True,36.3089200000104
tesseract,5.3.4,syn0283,synthetic,sentence,naskh,scheherazade,mild,0.0,0.0,0.0,True,37.87811899999838
tesseract,5.3.4,syn0284,synthetic,sentence,naskh,scheherazade,heavy,1.0,1.0,1.0,False,29.51275200000225
tesseract,5.3.4,syn0285,synthetic,sentence,nastaliq,noto-nastaliq,clean,0.25,0.75,0.25,False,35.27728000000252
tesseract,5.3.4,syn0286,synthetic,sentence,nastaliq,noto-nastaliq,mild,0.19444444444444445,0.625,0.19444444444444445,False,55.44115600000055
tesseract,5.3.4,syn0287,synthetic,sentence,nastaliq,noto-nastaliq,heavy,0.3333333333333333,0.75,0.3333333333333333,False,40.44656399999269
tesseract,5.3.4,syn0288,synthetic,sentence,nastaliq,gulzar,clean,0.25,0.75,0.25,False,34.71437700000024
tesseract,5.3.4,syn0289,synthetic,sentence,nastaliq,gulzar,mild,0.9166666666666666,1.0,0.9166666666666666,False,46.50884100000496
tesseract,5.3.4,syn0290,synthetic,sentence,nastaliq,gulzar,heavy,0.25,0.625,0.25,False,37.480755999993676
tesseract,5.3.4,syn0291,synthetic,sentence,naskh,lateef,clean,0.0,0.0,0.0,True,43.2496099999895
tesseract,5.3.4,syn0292,synthetic,sentence,naskh,lateef,mild,0.0,0.0,0.0,True,49.490543999993974
tesseract,5.3.4,syn0293,synthetic,sentence,naskh,lateef,heavy,1.0,1.0,1.0,False,29.18812699999762
tesseract,5.3.4,syn0294,synthetic,sentence,naskh,noto-naskh,clean,0.0,0.0,0.0,True,43.81678700001146
tesseract,5.3.4,syn0295,synthetic,sentence,naskh,noto-naskh,mild,0.0,0.0,0.0,True,46.683533000006605
tesseract,5.3.4,syn0296,synthetic,sentence,naskh,noto-naskh,heavy,1.0,1.0,1.0,False,34.928227999998285
tesseract,5.3.4,syn0297,synthetic,sentence,naskh,scheherazade,clean,0.0,0.0,0.0,True,42.17987699999526
tesseract,5.3.4,syn0298,synthetic,sentence,naskh,scheherazade,mild,0.0,0.0,0.0,True,46.767669999994155
tesseract,5.3.4,syn0299,synthetic,sentence,naskh,scheherazade,heavy,1.0,1.0,1.0,False,37.24601199999711
tesseract,5.3.4,syn0300,synthetic,numeric,nastaliq,noto-nastaliq,mild,0.5,1.0,0.5,False,24.00129299999776
tesseract,5.3.4,syn0301,synthetic,numeric,nastaliq,gulzar,mild,1.0,1.0,1.0,False,29.44636499999831
tesseract,5.3.4,syn0302,synthetic,numeric,naskh,lateef,mild,0.875,1.0,0.875,False,29.860018000007926
tesseract,5.3.4,syn0303,synthetic,numeric,naskh,noto-naskh,mild,1.0,1.0,1.0,False,29.19955500000526
tesseract,5.3.4,syn0304,synthetic,numeric,naskh,scheherazade,mild,0.0,0.0,0.0,True,25.93651899999827
tesseract,5.3.4,syn0305,synthetic,numeric,nastaliq,noto-nastaliq,mild,0.3,1.0,0.3,False,31.867486000010103
tesseract,5.3.4,syn0306,synthetic,numeric,nastaliq,gulzar,mild,0.4,1.0,0.4,False,29.11114699999473
tesseract,5.3.4,syn0307,synthetic,numeric,naskh,lateef,mild,0.4,0.5,0.4,False,27.4071090000092
tesseract,5.3.4,syn0308,synthetic,numeric,naskh,noto-naskh,mild,0.6,1.0,0.6,False,38.89906400000598
tesseract,5.3.4,syn0309,synthetic,numeric,naskh,scheherazade,mild,0.8,1.0,0.8,False,29.31987600000241
tesseract,5.3.4,syn0310,synthetic,numeric,nastaliq,noto-nastaliq,mild,0.16666666666666666,0.5,0.16666666666666666,False,28.23902000000089
tesseract,5.3.4,syn0311,synthetic,numeric,nastaliq,gulzar,mild,0.16666666666666666,0.5,0.16666666666666666,False,27.45708999999863
tesseract,5.3.4,syn0312,synthetic,numeric,naskh,lateef,mild,0.0,0.0,0.0,True,30.90234500000122
tesseract,5.3.4,syn0313,synthetic,numeric,naskh,noto-naskh,mild,0.0,0.0,0.0,True,30.020930000006274
tesseract,5.3.4,syn0314,synthetic,numeric,naskh,scheherazade,mild,0.0,0.0,0.0,True,27.6657330000063
tesseract,5.3.4,syn0315,synthetic,numeric,nastaliq,noto-nastaliq,mild,0.75,1.0,0.75,False,32.53492900000765
tesseract,5.3.4,syn0316,synthetic,numeric,nastaliq,gulzar,mild,0.75,1.0,0.75,False,32.40207000000339
tesseract,5.3.4,syn0317,synthetic,numeric,naskh,lateef,mild,0.6666666666666666,1.0,0.6666666666666666,False,31.88177299999495
tesseract,5.3.4,syn0318,synthetic,numeric,naskh,noto-naskh,mild,0.6666666666666666,1.0,0.6666666666666666,False,31.027973999997016
tesseract,5.3.4,syn0319,synthetic,numeric,naskh,scheherazade,mild,0.6666666666666666,1.0,0.6666666666666666,False,31.92290999999159
tesseract,5.3.4,syn0320,synthetic,numeric,nastaliq,noto-nastaliq,mild,0.4444444444444444,1.0,0.4444444444444444,False,36.73119900000188
tesseract,5.3.4,syn0321,synthetic,numeric,nastaliq,gulzar,mild,0.6666666666666666,1.0,0.6666666666666666,False,30.358061000001157
tesseract,5.3.4,syn0322,synthetic,numeric,naskh,lateef,mild,1.0,1.0,1.0,False,33.640923000007206
tesseract,5.3.4,syn0323,synthetic,numeric,naskh,noto-naskh,mild,0.6666666666666666,1.0,0.7777777777777778,False,28.805271999999604
tesseract,5.3.4,syn0324,synthetic,numeric,naskh,scheherazade,mild,0.6666666666666666,1.0,0.7777777777777778,False,35.284779999997795
tesseract,5.3.4,syn0325,synthetic,numeric,nastaliq,noto-nastaliq,mild,0.4,1.0,0.4,False,26.724934000000644
tesseract,5.3.4,syn0326,synthetic,numeric,nastaliq,gulzar,mild,0.9,1.0,0.9,False,27.08106900000473
tesseract,5.3.4,syn0327,synthetic,numeric,naskh,lateef,mild,0.0,0.0,0.0,True,25.501493999996683
tesseract,5.3.4,syn0328,synthetic,numeric,naskh,noto-naskh,mild,0.2,0.5,0.2,False,27.053698000003124
tesseract,5.3.4,syn0329,synthetic,numeric,naskh,scheherazade,mild,0.2,0.5,0.2,False,28.45990299999812
tesseract,5.3.4,syn0330,synthetic,numeric,nastaliq,noto-nastaliq,mild,0.625,1.0,0.75,False,23.99347700000476
tesseract,5.3.4,syn0331,synthetic,numeric,nastaliq,gulzar,mild,0.375,0.5,0.375,False,25.159428999998568
tesseract,5.3.4,syn0332,synthetic,numeric,naskh,lateef,mild,0.5,1.0,0.5,False,29.466545999994764
tesseract,5.3.4,syn0333,synthetic,numeric,naskh,noto-naskh,mild,1.0,1.0,1.0,False,28.981356000002734
tesseract,5.3.4,syn0334,synthetic,numeric,naskh,scheherazade,mild,0.0,0.0,0.0,True,25.147953000001166
tesseract,5.3.4,syn0335,synthetic,numeric,nastaliq,noto-nastaliq,mild,0.631578947368421,1.0,0.631578947368421,False,35.546952999993664
tesseract,5.3.4,syn0336,synthetic,numeric,nastaliq,gulzar,mild,0.3684210526315789,0.6666666666666666,0.3684210526315789,False,34.49203299999226
tesseract,5.3.4,syn0337,synthetic,numeric,naskh,lateef,mild,0.05263157894736842,0.16666666666666666,0.05263157894736842,False,35.697064000004275
tesseract,5.3.4,syn0338,synthetic,numeric,naskh,noto-naskh,mild,0.05263157894736842,0.16666666666666666,0.05263157894736842,False,39.07141299998784
tesseract,5.3.4,syn0339,synthetic,numeric,naskh,scheherazade,mild,0.8947368421052632,1.0,0.8947368421052632,False,42.95718500000589
tesseract,5.3.4,syn0340,synthetic,numeric,nastaliq,noto-nastaliq,mild,0.6,2.0,0.6,False,32.747568999994314
tesseract,5.3.4,syn0341,synthetic,numeric,nastaliq,gulzar,mild,0.9,2.0,0.9,False,39.1885789999975
tesseract,5.3.4,syn0342,synthetic,numeric,naskh,lateef,mild,0.7,2.0,0.7,False,37.483469999997965
tesseract,5.3.4,syn0343,synthetic,numeric,naskh,noto-naskh,mild,0.9,2.0,0.9,False,37.52252300000691
tesseract,5.3.4,syn0344,synthetic,numeric,naskh,scheherazade,mild,0.7,1.0,0.7,False,28.88838600000554
tesseract,5.3.4,syn0345,synthetic,numeric,nastaliq,noto-nastaliq,mild,1.0,1.0,1.0,False,27.123082000002796
tesseract,5.3.4,syn0346,synthetic,numeric,nastaliq,gulzar,mild,0.5714285714285714,1.0,0.5714285714285714,False,25.88791499999843
tesseract,5.3.4,syn0347,synthetic,numeric,naskh,lateef,mild,0.42857142857142855,0.5,0.42857142857142855,False,24.941736999991804
tesseract,5.3.4,syn0348,synthetic,numeric,naskh,noto-naskh,mild,0.2857142857142857,0.5,0.2857142857142857,False,25.579700999998067
tesseract,5.3.4,syn0349,synthetic,numeric,naskh,scheherazade,mild,1.0,1.0,1.0,False,32.743804000006094
easyocr,1.7.2,syn0000,synthetic,sentence,nastaliq,noto-nastaliq,clean,0.1111111111111111,0.42857142857142855,0.1388888888888889,False,355.21679000001427
easyocr,1.7.2,syn0001,synthetic,sentence,nastaliq,noto-nastaliq,mild,0.08333333333333333,0.42857142857142855,0.1111111111111111,False,306.0445759999766
easyocr,1.7.2,syn0002,synthetic,sentence,nastaliq,noto-nastaliq,heavy,0.1388888888888889,0.5714285714285714,0.19444444444444445,False,352.2520859999929
easyocr,1.7.2,syn0003,synthetic,sentence,nastaliq,gulzar,clean,0.2222222222222222,0.5714285714285714,0.2777777777777778,False,592.3598500000082
easyocr,1.7.2,syn0004,synthetic,sentence,nastaliq,gulzar,mild,0.1388888888888889,0.42857142857142855,0.16666666666666666,False,298.5960050000074
easyocr,1.7.2,syn0005,synthetic,sentence,nastaliq,gulzar,heavy,0.19444444444444445,0.5714285714285714,0.25,False,598.7570740000194
easyocr,1.7.2,syn0006,synthetic,sentence,naskh,lateef,clean,0.08333333333333333,0.5714285714285714,0.1388888888888889,False,520.0881770000194
easyocr,1.7.2,syn0007,synthetic,sentence,naskh,lateef,mild,0.027777777777777776,0.2857142857142857,0.08333333333333333,False,513.8985509999827
easyocr,1.7.2,syn0008,synthetic,sentence,naskh,lateef,heavy,0.1111111111111111,0.7142857142857143,0.16666666666666666,False,413.7649240000201
easyocr,1.7.2,syn0009,synthetic,sentence,naskh,noto-naskh,clean,0.1111111111111111,0.7142857142857143,0.1388888888888889,False,681.6839070000071
easyocr,1.7.2,syn0010,synthetic,sentence,naskh,noto-naskh,mild,0.1111111111111111,0.7142857142857143,0.1388888888888889,False,625.2238209999916
easyocr,1.7.2,syn0011,synthetic,sentence,naskh,noto-naskh,heavy,0.08333333333333333,0.7142857142857143,0.1111111111111111,False,464.5623769999929
easyocr,1.7.2,syn0012,synthetic,sentence,naskh,scheherazade,clean,0.05555555555555555,0.2857142857142857,0.08333333333333333,False,570.5297700000074
easyocr,1.7.2,syn0013,synthetic,sentence,naskh,scheherazade,mild,0.027777777777777776,0.2857142857142857,0.08333333333333333,False,458.8889409999979
easyocr,1.7.2,syn0014,synthetic,sentence,naskh,scheherazade,heavy,0.05555555555555555,0.5714285714285714,0.1111111111111111,False,402.5921700000197
easyocr,1.7.2,syn0015,synthetic,sentence,nastaliq,noto-nastaliq,clean,0.21621621621621623,0.625,0.2972972972972973,False,348.0140530000142
easyocr,1.7.2,syn0016,synthetic,sentence,nastaliq,noto-nastaliq,mild,0.1891891891891892,0.625,0.24324324324324326,False,704.7268009999925
easyocr,1.7.2,syn0017,synthetic,sentence,nastaliq,noto-nastaliq,heavy,0.24324324324324326,0.625,0.2702702702702703,False,591.412039000005
easyocr,1.7.2,syn0018,synthetic,sentence,nastaliq,gulzar,clean,0.24324324324324326,0.75,0.2702702702702703,False,346.7972429999975
easyocr,1.7.2,syn0019,synthetic,sentence,nastaliq,gulzar,mild,0.1891891891891892,0.75,0.21621621621621623,False,346.57850299998927
easyocr,1.7.2,syn0020,synthetic,sentence,nastaliq,gulzar,heavy,0.2702702702702703,1.0,0.2702702702702703,False,601.3801010000179
easyocr,1.7.2,syn0021,synthetic,sentence,naskh,lateef,clean,0.05405405405405406,0.375,0.10810810810810811,False,507.1592399999929
easyocr,1.7.2,syn0022,synthetic,sentence,naskh,lateef,mild,0.02702702702702703,0.25,0.08108108108108109,False,511.40230799998676
easyocr,1.7.2,syn0023,synthetic,sentence,naskh,lateef,heavy,0.08108108108108109,0.5,0.13513513513513514,False,512.7405860000067
easyocr,1.7.2,syn0024,synthetic,sentence,naskh,noto-naskh,clean,0.10810810810810811,0.5,0.16216216216216217,False,564.3385630000068
easyocr,1.7.2,syn0025,synthetic,sentence,naskh,noto-naskh,mild,0.08108108108108109,0.375,0.10810810810810811,False,401.251899000016
easyocr,1.7.2,syn0026,synthetic,sentence,naskh,noto-naskh,heavy,0.05405405405405406,0.375,0.08108108108108109,False,403.2937689999869
easyocr,1.7.2,syn0027,synthetic,sentence,naskh,scheherazade,clean,0.05405405405405406,0.25,0.08108108108108109,False,513.5769880000112
easyocr,1.7.2,syn0028,synthetic,sentence,naskh,scheherazade,mild,0.05405405405405406,0.25,0.08108108108108109,False,512.0914050000067
easyocr,1.7.2,syn0029,synthetic,sentence,naskh,scheherazade,heavy,0.10810810810810811,0.375,0.16216216216216217,False,399.91984599998887
easyocr,1.7.2,syn0030,synthetic,sentence,nastaliq,noto-nastaliq,clean,0.11363636363636363,0.6363636363636364,0.13636363636363635,False,396.89816399999245
easyocr,1.7.2,syn0031,synthetic,sentence,nastaliq,noto-nastaliq,mild,0.13636363636363635,0.7272727272727273,0.1590909090909091,False,343.9620899999909
easyocr,1.7.2,syn0032,synthetic,sentence,nastaliq,noto-nastaliq,heavy,0.20454545454545456,0.7272727272727273,0.20454545454545456,False,288.79545300000586
easyocr,1.7.2,syn0033,synthetic,sentence,nastaliq,gulzar,clean,0.18181818181818182,0.6363636363636364,0.18181818181818182,False,687.0633310000187
easyocr,1.7.2,syn0034,synthetic,sentence,nastaliq,gulzar,mild,0.22727272727272727,0.7272727272727273,0.22727272727272727,False,578.1424949999803
easyocr,1.7.2,syn0035,synthetic,sentence,nastaliq,gulzar,heavy,0.5681818181818182,0.9090909090909091,0.5681818181818182,False,577.3178540000004
easyocr,1.7.2,syn0036,synthetic,sentence,naskh,lateef,clean,0.06818181818181818,0.5454545454545454,0.09090909090909091,False,613.5790330000077
easyocr,1.7.2,syn0037,synthetic,sentence,naskh,lateef,mild,0.06818181818181818,0.5454545454545454,0.09090909090909091,False,458.9539750000142
easyocr,1.7.2,syn0038,synthetic,sentence,naskh,lateef,heavy,0.045454545454545456,0.36363636363636365,0.06818181818181818,False,572.3066599999811
easyocr,1.7.2,syn0039,synthetic,sentence,naskh,noto-naskh,clean,0.022727272727272728,0.18181818181818182,0.045454545454545456,False,563.3449759999962
easyocr,1.7.2,syn0040,synthetic,sentence,naskh,noto-naskh,mild,0.0,0.0,0.022727272727272728,True,509.8044980000225
easyocr,1.7.2,syn0041,synthetic,sentence,naskh,noto-naskh,heavy,0.09090909090909091,0.36363636363636365,0.09090909090909091,False,457.62162699998044
easyocr,1.7.2,syn0042,synthetic,sentence,naskh,scheherazade,clean,0.045454545454545456,0.2727272727272727,0.045454545454545456,False,565.7229509999979
easyocr,1.7.2,syn0043,synthetic,sentence,naskh,scheherazade,mild,0.09090909090909091,0.5454545454545454,0.09090909090909091,False,565.5546979999997
easyocr,1.7.2,syn0044,synthetic,sentence,naskh,scheherazade,heavy,0.045454545454545456,0.36363636363636365,0.06818181818181818,False,516.9221699999866
easyocr,1.7.2,syn0045,synthetic,sentence,nastaliq,noto-nastaliq,clean,0.17142857142857143,0.7142857142857143,0.17142857142857143,False,347.1368179999956
easyocr,1.7.2,syn0046,synthetic,sentence,nastaliq,noto-nastaliq,mild,0.17142857142857143,0.7142857142857143,0.17142857142857143,False,293.1203600000174
easyocr,1.7.2,syn0047,synthetic,sentence,nastaliq,noto-nastaliq,heavy,0.17142857142857143,0.8571428571428571,0.17142857142857143,False,344.50658400001544
easyocr,1.7.2,syn0048,synthetic,sentence,nastaliq,gulzar,clean,0.17142857142857143,0.8571428571428571,0.17142857142857143,False,291.6287329999818
easyocr,1.7.2,syn0049,synthetic,sentence,nastaliq,gulzar,mild,0.17142857142857143,0.7142857142857143,0.17142857142857143,False,345.44630599998527
easyocr,1.7.2,syn0050,synthetic,sentence,nastaliq,gulzar,heavy,0.17142857142857143,0.8571428571428571,0.2,False,288.8424129999976
easyocr,1.7.2,syn0051,synthetic,sentence,naskh,lateef,clean,0.05714285714285714,0.5714285714285714,0.08571428571428572,False,561.2725260000104
easyocr,1.7.2,syn0052,synthetic,sentence,naskh,lateef,mild,0.08571428571428572,0.5714285714285714,0.11428571428571428,False,454.6109050000098
easyocr,1.7.2,syn0053,synthetic,sentence,naskh,lateef,heavy,0.08571428571428572,0.42857142857142855,0.11428571428571428,False,452.98839500000554
easyocr,1.7.2,syn0054,synthetic,sentence,naskh,noto-naskh,clean,0.0,0.0,0.02857142857142857,True,667.0011459999898
easyocr,1.7.2,syn0055,synthetic,sentence,naskh,noto-naskh,mild,0.05714285714285714,0.2857142857142857,0.05714285714285714,False,561.6700190000188
easyocr,1.7.2,syn0056,synthetic,sentence,naskh,noto-naskh,heavy,0.14285714285714285,0.5714285714285714,0.14285714285714285,False,402.48383100001206
easyocr,1.7.2,syn0057,synthetic,sentence,naskh,scheherazade,clean,0.02857142857142857,0.2857142857142857,0.05714285714285714,False,505.02230899999745
easyocr,1.7.2,syn0058,synthetic,sentence,naskh,scheherazade,mild,0.08571428571428572,0.5714285714285714,0.08571428571428572,False,452.9895969999984
easyocr,1.7.2,syn0059,synthetic,sentence,naskh,scheherazade,heavy,0.05714285714285714,0.5714285714285714,0.08571428571428572,False,398.0582469999945
easyocr,1.7.2,syn0060,synthetic,sentence,nastaliq,noto-nastaliq,clean,0.16326530612244897,0.8181818181818182,0.16326530612244897,False,504.2809939999984
easyocr,1.7.2,syn0061,synthetic,sentence,nastaliq,noto-nastaliq,mild,0.24489795918367346,0.8181818181818182,0.2653061224489796,False,451.3149190000263
easyocr,1.7.2,syn0062,synthetic,sentence,nastaliq,noto-nastaliq,heavy,0.24489795918367346,0.8181818181818182,0.24489795918367346,False,908.795007000009
easyocr,1.7.2,syn0063,synthetic,sentence,nastaliq,gulzar,clean,0.16326530612244897,0.5454545454545454,0.1836734693877551,False,904.37430099999
easyocr,1.7.2,syn0064,synthetic,sentence,nastaliq,gulzar,mild,0.16326530612244897,0.6363636363636364,0.16326530612244897,False,798.8109450000138
easyocr,1.7.2,syn0065,synthetic,sentence,nastaliq,gulzar,heavy,0.1836734693877551,0.6363636363636364,0.1836734693877551,False,801.7940350000003
easyocr,1.7.2,syn0066,synthetic,sentence,naskh,lateef,clean,0.061224489795918366,0.2727272727272727,0.08163265306122448,False,565.3963379999993
easyocr,1.7.2,syn0067,synthetic,sentence,naskh,lateef,mild,0.061224489795918366,0.2727272727272727,0.08163265306122448,False,676.9581359999961
easyocr,1.7.2,syn0068,synthetic,sentence,naskh,lateef,heavy,0.04081632653061224,0.2727272727272727,0.061224489795918366,False,625.779126000026
easyocr,1.7.2,syn0069,synthetic,sentence,naskh,noto-naskh,clean,0.10204081632653061,0.6363636363636364,0.12244897959183673,False,895.0044970000022
easyocr,1.7.2,syn0070,synthetic,sentence,naskh,noto-naskh,mild,0.08163265306122448,0.45454545454545453,0.10204081632653061,False,734.5709290000002
easyocr,1.7.2,syn0071,synthetic,sentence,naskh,noto-naskh,heavy,0.16326530612244897,0.8181818181818182,0.1836734693877551,False,569.3893609999918
easyocr,1.7.2,syn0072,synthetic,sentence,naskh,scheherazade,clean,0.02040816326530612,0.18181818181818182,0.04081632653061224,False,675.1070820000109
easyocr,1.7.2,syn0073,synthetic,sentence,naskh,scheherazade,mild,0.061224489795918366,0.36363636363636365,0.061224489795918366,False,523.0888259999915
easyocr,1.7.2,syn0074,synthetic,sentence,naskh,scheherazade,heavy,0.08163265306122448,0.36363636363636365,0.08163265306122448,False,567.4328689999868
easyocr,1.7.2,syn0075,synthetic,sentence,nastaliq,noto-nastaliq,clean,0.13793103448275862,0.625,0.13793103448275862,False,289.9595659999932
easyocr,1.7.2,syn0076,synthetic,sentence,nastaliq,noto-nastaliq,mild,0.13793103448275862,0.625,0.13793103448275862,False,293.3812919999923
easyocr,1.7.2,syn0077,synthetic,sentence,nastaliq,noto-nastaliq,heavy,0.3103448275862069,0.75,0.3103448275862069,False,487.5646849999953
easyocr,1.7.2,syn0078,synthetic,sentence,nastaliq,gulzar,clean,0.2413793103448276,0.75,0.3103448275862069,False,240.67191100002105
easyocr,1.7.2,syn0079,synthetic,sentence,nastaliq,gulzar,mild,0.3103448275862069,0.875,0.3103448275862069,False,486.67485199999305
easyocr,1.7.2,syn0080,synthetic,sentence,nastaliq,gulzar,heavy,0.3103448275862069,0.75,0.3103448275862069,False,488.7487229999863
easyocr,1.7.2,syn0081,synthetic,sentence,naskh,lateef,clean,0.0,0.0,0.034482758620689655,True,353.89854199999604
easyocr,1.7.2,syn0082,synthetic,sentence,naskh,lateef,mild,0.034482758620689655,0.25,0.06896551724137931,False,353.76199699999233
easyocr,1.7.2,syn0083,synthetic,sentence,naskh,lateef,heavy,0.0,0.0,0.034482758620689655,True,294.7774630000026
easyocr,1.7.2,syn0084,synthetic,sentence,naskh,noto-naskh,clean,0.06896551724137931,0.375,0.06896551724137931,False,461.2429769999835
easyocr,1.7.2,syn0085,synthetic,sentence,naskh,noto-naskh,mild,0.0,0.0,0.034482758620689655,True,462.0901300000071
easyocr,1.7.2,syn0086,synthetic,sentence,naskh,noto-naskh,heavy,0.13793103448275862,0.375,0.13793103448275862,False,406.7893849999962
easyocr,1.7.2,syn0087,synthetic,sentence,naskh,scheherazade,clean,0.06896551724137931,0.25,0.10344827586206896,False,351.28774699998644
easyocr,1.7.2,syn0088,synthetic,sentence,naskh,scheherazade,mild,0.06896551724137931,0.125,0.13793103448275862,False,406.4330489999861
easyocr,1.7.2,syn0089,synthetic,sentence,naskh,scheherazade,heavy,0.10344827586206896,0.25,0.13793103448275862,False,404.08341599999176
easyocr,1.7.2,syn0090,synthetic,sentence,nastaliq,noto-nastaliq,clean,0.14893617021276595,0.7,0.14893617021276595,False,402.98208100000465
easyocr,1.7.2,syn0091,synthetic,sentence,nastaliq,noto-nastaliq,mild,0.14893617021276595,0.7,0.14893617021276595,False,351.0721730000057
easyocr,1.7.2,syn0092,synthetic,sentence,nastaliq,noto-nastaliq,heavy,0.14893617021276595,0.7,0.14893617021276595,False,404.09126899999137
easyocr,1.7.2,syn0093,synthetic,sentence,nastaliq,gulzar,clean,0.0851063829787234,0.6,0.0851063829787234,False,400.3072890000112
easyocr,1.7.2,syn0094,synthetic,sentence,nastaliq,gulzar,mild,0.19148936170212766,0.8,0.19148936170212766,False,293.9585820000161
easyocr,1.7.2,syn0095,synthetic,sentence,nastaliq,gulzar,heavy,0.2765957446808511,0.9,0.2765957446808511,False,350.45212099998935
easyocr,1.7.2,syn0096,synthetic,sentence,naskh,lateef,clean,0.0425531914893617,0.4,0.06382978723404255,False,511.2209499999949
easyocr,1.7.2,syn0097,synthetic,sentence,naskh,lateef,mild,0.0425531914893617,0.4,0.06382978723404255,False,513.9982459999999
easyocr,1.7.2,syn0098,synthetic,sentence,naskh,lateef,heavy,0.02127659574468085,0.2,0.0425531914893617,False,463.4612920000052
easyocr,1.7.2,syn0099,synthetic,sentence,naskh,noto-naskh,clean,0.0851063829787234,0.4,0.10638297872340426,False,674.3117440000219
easyocr,1.7.2,syn0100,synthetic,sentence,naskh,noto-naskh,mild,0.0851063829787234,0.4,0.10638297872340426,False,567.6213109999821
easyocr,1.7.2,syn0101,synthetic,sentence,naskh,noto-naskh,heavy,0.0851063829787234,0.4,0.10638297872340426,False,513.944892000012
easyocr,1.7.2,syn0102,synthetic,sentence,naskh,scheherazade,clean,0.06382978723404255,0.6,0.0851063829787234,False,460.7655599999987
easyocr,1.7.2,syn0103,synthetic,sentence,naskh,scheherazade,mild,0.0851063829787234,0.6,0.10638297872340426,False,514.9544800000001
easyocr,1.7.2,syn0104,synthetic,sentence,naskh,scheherazade,heavy,0.06382978723404255,0.4,0.0851063829787234,False,404.0727360000176
easyocr,1.7.2,syn0105,synthetic,sentence,nastaliq,noto-nastaliq,clean,0.07692307692307693,0.375,0.07692307692307693,False,404.59283900000287
easyocr,1.7.2,syn0106,synthetic,sentence,nastaliq,noto-nastaliq,mild,0.1282051282051282,0.5,0.1282051282051282,False,353.22675200001186
easyocr,1.7.2,syn0107,synthetic,sentence,nastaliq,noto-nastaliq,heavy,0.20512820512820512,0.875,0.20512820512820512,False,299.1526059999785
easyocr,1.7.2,syn0108,synthetic,sentence,nastaliq,gulzar,clean,0.10256410256410256,0.5,0.1282051282051282,False,406.1246059999917
easyocr,1.7.2,syn0109,synthetic,sentence,nastaliq,gulzar,mild,0.07692307692307693,0.375,0.10256410256410256,False,353.56142599999885
easyocr,1.7.2,syn0110,synthetic,sentence,nastaliq,gulzar,heavy,0.1794871794871795,0.75,0.20512820512820512,False,300.8233679999819
easyocr,1.7.2,syn0111,synthetic,sentence,naskh,lateef,clean,0.0,0.0,0.02564102564102564,True,461.28873700001805
easyocr,1.7.2,syn0112,synthetic,sentence,naskh,lateef,mild,0.0,0.0,0.02564102564102564,True,407.2185260000083
easyocr,1.7.2,syn0113,synthetic,sentence,naskh,lateef,heavy,0.0,0.0,0.02564102564102564,True,405.31930000000216
easyocr,1.7.2,syn0114,synthetic,sentence,naskh,noto-naskh,clean,0.07692307692307693,0.25,0.07692307692307693,False,565.58944599999
easyocr,1.7.2,syn0115,synthetic,sentence,naskh,noto-naskh,mild,0.07692307692307693,0.25,0.10256410256410256,False,512.9808570000023
easyocr,1.7.2,syn0116,synthetic,sentence,naskh,noto-naskh,heavy,0.07692307692307693,0.375,0.10256410256410256,False,405.78229599998394
easyocr,1.7.2,syn0117,synthetic,sentence,naskh,scheherazade,clean,0.05128205128205128,0.25,0.05128205128205128,False,514.2593099999999
easyocr,1.7.2,syn0118,synthetic,sentence,naskh,scheherazade,mild,0.02564102564102564,0.25,0.05128205128205128,False,461.2916889999781
easyocr,1.7.2,syn0119,synthetic,sentence,naskh,scheherazade,heavy,0.05128205128205128,0.125,0.05128205128205128,False,515.4195389999927
easyocr,1.7.2,syn0120,synthetic,sentence,nastaliq,noto-nastaliq,clean,0.17073170731707318,0.6666666666666666,0.17073170731707318,False,402.51755400001343
easyocr,1.7.2,syn0121,synthetic,sentence,nastaliq,noto-nastaliq,mild,0.1951219512195122,0.6666666666666666,0.1951219512195122,False,348.4653780000144
easyocr,1.7.2,syn0122,synthetic,sentence,nastaliq,noto-nastaliq,heavy,0.2682926829268293,0.8888888888888888,0.2682926829268293,False,354.3952440000169
easyocr,1.7.2,syn0123,synthetic,sentence,nastaliq,gulzar,clean,0.24390243902439024,0.5555555555555556,0.24390243902439024,False,349.4955470000036
easyocr,1.7.2,syn0124,synthetic,sentence,nastaliq,gulzar,mild,0.1951219512195122,0.5555555555555556,0.1951219512195122,False,404.2457019999972
easyocr,1.7.2,syn0125,synthetic,sentence,nastaliq,gulzar,heavy,0.1951219512195122,0.5555555555555556,0.1951219512195122,False,350.4904330000045
easyocr,1.7.2,syn0126,synthetic,sentence,naskh,lateef,clean,0.0,0.0,0.07317073170731707,True,617.9338049999785
easyocr,1.7.2,syn0127,synthetic,sentence,naskh,lateef,mild,0.024390243902439025,0.2222222222222222,0.0975609756097561,False,568.8190129999953
easyocr,1.7.2,syn0128,synthetic,sentence,naskh,lateef,heavy,0.07317073170731707,0.6666666666666666,0.12195121951219512,False,406.75744800000757
easyocr,1.7.2,syn0129,synthetic,sentence,naskh,noto-naskh,clean,0.04878048780487805,0.3333333333333333,0.0975609756097561,False,566.1018280000008
easyocr,1.7.2,syn0130,synthetic,sentence,naskh,noto-naskh,mild,0.07317073170731707,0.3333333333333333,0.12195121951219512,False,515.7945019999772
easyocr,1.7.2,syn0131,synthetic,sentence,naskh,noto-naskh,heavy,0.07317073170731707,0.4444444444444444,0.0975609756097561,False,407.9366910000033
easyocr,1.7.2,syn0132,synthetic,sentence,naskh,scheherazade,clean,0.07317073170731707,0.4444444444444444,0.12195121951219512,False,619.4445870000038
easyocr,1.7.2,syn0133,synthetic,sentence,naskh,scheherazade,mild,0.024390243902439025,0.1111111111111111,0.0975609756097561,False,569.6324860000175
easyocr,1.7.2,syn0134,synthetic,sentence,naskh,scheherazade,heavy,0.024390243902439025,0.2222222222222222,0.07317073170731707,False,517.3765910000157
easyocr,1.7.2,syn0135,synthetic,sentence,nastaliq,noto-nastaliq,clean,0.10526315789473684,0.4444444444444444,0.10526315789473684,False,296.5212739999856
easyocr,1.7.2,syn0136,synthetic,sentence,nastaliq,noto-nastaliq,mild,0.15789473684210525,0.4444444444444444,0.15789473684210525,False,351.4743629999941
easyocr,1.7.2,syn0137,synthetic,sentence,nastaliq,noto-nastaliq,heavy,0.23684210526315788,0.6666666666666666,0.23684210526315788,False,296.7518109999787
easyocr,1.7.2,syn0138,synthetic,sentence,nastaliq,gulzar,clean,0.15789473684210525,0.7777777777777778,0.15789473684210525,False,294.84738700000435
easyocr,1.7.2,syn0139,synthetic,sentence,nastaliq,gulzar,mild,0.10526315789473684,0.4444444444444444,0.10526315789473684,False,297.48374100000774
easyocr,1.7.2,syn0140,synthetic,sentence,nastaliq,gulzar,heavy,0.21052631578947367,0.7777777777777778,0.21052631578947367,False,296.1797509999826
easyocr,1.7.2,syn0141,synthetic,sentence,naskh,lateef,clean,0.02631578947368421,0.2222222222222222,0.07894736842105263,False,461.2757330000079
easyocr,1.7.2,syn0142,synthetic,sentence,naskh,lateef,mild,0.07894736842105263,0.5555555555555556,0.13157894736842105,False,514.0140130000077
easyocr,1.7.2,syn0143,synthetic,sentence,naskh,lateef,heavy,0.02631578947368421,0.1111111111111111,0.05263157894736842,False,405.20281100000943
easyocr,1.7.2,syn0144,synthetic,sentence,naskh,noto-naskh,clean,0.0,0.0,0.05263157894736842,True,565.3151410000135
easyocr,1.7.2,syn0145,synthetic,sentence,naskh,noto-naskh,mild,0.05263157894736842,0.3333333333333333,0.07894736842105263,False,461.642415
easyocr,1.7.2,syn0146,synthetic,sentence,naskh,noto-naskh,heavy,0.10526315789473684,0.3333333333333333,0.15789473684210525,False,568.7078519999886
easyocr,1.7.2,syn0147,synthetic,sentence,naskh,scheherazade,clean,0.07894736842105263,0.3333333333333333,0.10526315789473684,False,459.00769299998956
easyocr,1.7.2,syn0148,synthetic,sentence,naskh,scheherazade,mild,0.13157894736842105,0.3333333333333333,0.15789473684210525,False,459.3840690000093
easyocr,1.7.2,syn0149,synthetic,sentence,naskh,scheherazade,heavy,0.02631578947368421,0.2222222222222222,0.07894736842105263,False,459.8048619999986
easyocr,1.7.2,syn0150,synthetic,sentence,nastaliq,noto-nastaliq,clean,0.16279069767441862,0.7,0.16279069767441862,False,457.49689199999466
easyocr,1.7.2,syn0151,synthetic,sentence,nastaliq,noto-nastaliq,mild,0.18604651162790697,0.9,0.20930232558139536,False,405.0930850000043
easyocr,1.7.2,syn0152,synthetic,sentence,nastaliq,noto-nastaliq,heavy,0.20930232558139536,0.9,0.20930232558139536,False,353.08126800001105
easyocr,1.7.2,syn0153,synthetic,sentence,nastaliq,gulzar,clean,0.18604651162790697,0.7,0.18604651162790697,False,350.2684589999774
easyocr,1.7.2,syn0154,synthetic,sentence,nastaliq,gulzar,mild,0.13953488372093023,0.7,0.13953488372093023,False,350.6996010000023
easyocr,1.7.2,syn0155,synthetic,sentence,nastaliq,gulzar,heavy,0.4883720930232558,0.9,0.4883720930232558,False,807.9846879999764
easyocr,1.7.2,syn0156,synthetic,sentence,naskh,lateef,clean,0.09302325581395349,0.5,0.11627906976744186,False,566.6481099999885
easyocr,1.7.2,syn0157,synthetic,sentence,naskh,lateef,mild,0.023255813953488372,0.2,0.046511627906976744,False,460.9338129999969
easyocr,1.7.2,syn0158,synthetic,sentence,naskh,lateef,heavy,0.09302325581395349,0.5,0.11627906976744186,False,461.1963879999905
easyocr,1.7.2,syn0159,synthetic,sentence,naskh,noto-naskh,clean,0.046511627906976744,0.4,0.06976744186046512,False,615.6030780000208
easyocr,1.7.2,syn0160,synthetic,sentence,naskh,noto-naskh,mild,0.06976744186046512,0.6,0.11627906976744186,False,619.5908429999974
easyocr,1.7.2,syn0161,synthetic,sentence,naskh,noto-naskh,heavy,0.09302325581395349,0.5,0.11627906976744186,False,511.68248700000163
easyocr,1.7.2,syn0162,synthetic,sentence,naskh,scheherazade,clean,0.046511627906976744,0.4,0.06976744186046512,False,558.9609440000061
easyocr,1.7.2,syn0163,synthetic,sentence,naskh,scheherazade,mild,0.06976744186046512,0.4,0.06976744186046512,False,511.9281259999866
easyocr,1.7.2,syn0164,synthetic,sentence,naskh,scheherazade,heavy,0.09302325581395349,0.4,0.09302325581395349,False,512.8109240000072
easyocr,1.7.2,syn0165,synthetic,sentence,nastaliq,noto-nastaliq,clean,0.15384615384615385,0.8333333333333334,0.15384615384615385,False,289.5658639999965
easyocr,1.7.2,syn0166,synthetic,sentence,nastaliq,noto-nastaliq,mild,0.15384615384615385,0.8333333333333334,0.15384615384615385,False,289.616690999992
easyocr,1.7.2,syn0167,synthetic,sentence,nastaliq,noto-nastaliq,heavy,0.34615384615384615,0.8333333333333334,0.34615384615384615,False,348.51436499999977
easyocr,1.7.2,syn0168,synthetic,sentence,nastaliq,gulzar,clean,0.19230769230769232,0.8333333333333334,0.19230769230769232,False,289.40175700000736
easyocr,1.7.2,syn0169,synthetic,sentence,nastaliq,gulzar,mild,0.19230769230769232,0.8333333333333334,0.19230769230769232,False,292.532843999993
easyocr,1.7.2,syn0170,synthetic,sentence,nastaliq,gulzar,heavy,0.19230769230769232,0.8333333333333334,0.19230769230769232,False,292.479343999986
easyocr,1.7.2,syn0171,synthetic,sentence,naskh,lateef,clean,0.0,0.0,0.038461538461538464,True,348.7684490000049
easyocr,1.7.2,syn0172,synthetic,sentence,naskh,lateef,mild,0.038461538461538464,0.16666666666666666,0.07692307692307693,False,403.89995700002146
easyocr,1.7.2,syn0173,synthetic,sentence,naskh,lateef,heavy,0.07692307692307693,0.5,0.11538461538461539,False,411.5981610000006
easyocr,1.7.2,syn0174,synthetic,sentence,naskh,noto-naskh,clean,0.07692307692307693,0.16666666666666666,0.11538461538461539,False,510.9287860000222
easyocr,1.7.2,syn0175,synthetic,sentence,naskh,noto-naskh,mild,0.038461538461538464,0.16666666666666666,0.07692307692307693,False,511.26503099999354
easyocr,1.7.2,syn0176,synthetic,sentence,naskh,noto-naskh,heavy,0.11538461538461539,0.5,0.15384615384615385,False,459.14095699998825
easyocr,1.7.2,syn0177,synthetic,sentence,naskh,scheherazade,clean,0.07692307692307693,0.16666666666666666,0.07692307692307693,False,349.5261709999795
easyocr,1.7.2,syn0178,synthetic,sentence,naskh,scheherazade,mild,0.11538461538461539,0.3333333333333333,0.11538461538461539,False,409.60874000001013
easyocr,1.7.2,syn0179,synthetic,sentence,naskh,scheherazade,heavy,0.038461538461538464,0.3333333333333333,0.07692307692307693,False,286.97780499999226
easyocr,1.7.2,syn0180,synthetic,sentence,nastaliq,noto-nastaliq,clean,0.18867924528301888,0.8333333333333334,0.18867924528301888,False,907.8475570000251
easyocr,1.7.2,syn0181,synthetic,sentence,nastaliq,noto-nastaliq,mild,0.1509433962264151,0.6666666666666666,0.1509433962264151,False,397.97374299999433
easyocr,1.7.2,syn0182,synthetic,sentence,nastaliq,noto-nastaliq,heavy,0.1320754716981132,0.5833333333333334,0.1320754716981132,False,456.22272999997904
easyocr,1.7.2,syn0183,synthetic,sentence,nastaliq,gulzar,clean,0.18867924528301888,0.5,0.18867924528301888,False,397.5583729999812
easyocr,1.7.2,syn0184,synthetic,sentence,nastaliq,gulzar,mild,0.18867924528301888,0.75,0.18867924528301888,False,399.43185999999287
easyocr,1.7.2,syn0185,synthetic,sentence,nastaliq,gulzar,heavy,0.37735849056603776,0.9166666666666666,0.37735849056603776,False,802.4030009999876
easyocr,1.7.2,syn0186,synthetic,sentence,naskh,lateef,clean,0.03773584905660377,0.25,0.07547169811320754,False,785.395981999983
easyocr,1.7.2,syn0187,synthetic,sentence,naskh,lateef,mild,0.018867924528301886,0.16666666666666666,0.09433962264150944,False,564.8880379999923
easyocr,1.7.2,syn0188,synthetic,sentence,naskh,lateef,heavy,0.07547169811320754,0.5,0.1320754716981132,False,458.41530699999566
easyocr,1.7.2,syn0189,synthetic,sentence,naskh,noto-naskh,clean,0.07547169811320754,0.3333333333333333,0.11320754716981132,False,669.6977499999832
easyocr,1.7.2,syn0190,synthetic,sentence,naskh,noto-naskh,mild,0.05660377358490566,0.25,0.11320754716981132,False,672.625040000014
easyocr,1.7.2,syn0191,synthetic,sentence,naskh,noto-naskh,heavy,0.05660377358490566,0.25,0.11320754716981132,False,693.5628640000004
easyocr,1.7.2,syn0192,synthetic,sentence,naskh,scheherazade,clean,0.09433962264150944,0.4166666666666667,0.1320754716981132,False,618.4799709999993
easyocr,1.7.2,syn0193,synthetic,sentence,naskh,scheherazade,mild,0.03773584905660377,0.16666666666666666,0.07547169811320754,False,619.7325139999919
easyocr,1.7.2,syn0194,synthetic,sentence,naskh,scheherazade,heavy,0.07547169811320754,0.4166666666666667,0.1320754716981132,False,460.0377250000065
easyocr,1.7.2,syn0195,synthetic,sentence,nastaliq,noto-nastaliq,clean,0.16666666666666666,0.7777777777777778,0.21428571428571427,False,347.53210999997464
easyocr,1.7.2,syn0196,synthetic,sentence,nastaliq,noto-nastaliq,mild,0.14285714285714285,0.7777777777777778,0.19047619047619047,False,296.11543199999346
easyocr,1.7.2,syn0197,synthetic,sentence,nastaliq,noto-nastaliq,heavy,0.21428571428571427,1.0,0.23809523809523808,False,296.81184799997595
easyocr,1.7.2,syn0198,synthetic,sentence,nastaliq,gulzar,clean,0.19047619047619047,0.5555555555555556,0.19047619047619047,False,238.83764400000018
easyocr,1.7.2,syn0199,synthetic,sentence,nastaliq,gulzar,mild,0.3333333333333333,1.0,0.3333333333333333,False,477.8937749999841
easyocr,1.7.2,syn0200,synthetic,sentence,nastaliq,gulzar,heavy,0.21428571428571427,0.8888888888888888,0.21428571428571427,False,289.93807599999855
easyocr,1.7.2,syn0201,synthetic,sentence,naskh,lateef,clean,0.09523809523809523,0.6666666666666666,0.14285714285714285,False,506.01640900001144
easyocr,1.7.2,syn0202,synthetic,sentence,naskh,lateef,mild,0.09523809523809523,0.6666666666666666,0.14285714285714285,False,457.0755830000053
easyocr,1.7.2,syn0203,synthetic,sentence,naskh,lateef,heavy,0.07142857142857142,0.4444444444444444,0.09523809523809523,False,459.15979599999446
easyocr,1.7.2,syn0204,synthetic,sentence,naskh,noto-naskh,clean,0.14285714285714285,0.5555555555555556,0.14285714285714285,False,672.131520000022
easyocr,1.7.2,syn0205,synthetic,sentence,naskh,noto-naskh,mild,0.07142857142857142,0.4444444444444444,0.14285714285714285,False,459.8882809999907
easyocr,1.7.2,syn0206,synthetic,sentence,naskh,noto-naskh,heavy,0.14285714285714285,0.7777777777777778,0.21428571428571427,False,510.23535499999184
easyocr,1.7.2,syn0207,synthetic,sentence,naskh,scheherazade,clean,0.09523809523809523,0.3333333333333333,0.11904761904761904,False,510.468225000011
easyocr,1.7.2,syn0208,synthetic,sentence,naskh,scheherazade,mild,0.11904761904761904,0.3333333333333333,0.11904761904761904,False,460.2608220000093
easyocr,1.7.2,syn0209,synthetic,sentence,naskh,scheherazade,heavy,0.07142857142857142,0.2222222222222222,0.09523809523809523,False,516.569627000024
easyocr,1.7.2,syn0210,synthetic,sentence,nastaliq,noto-nastaliq,clean,0.18421052631578946,0.6666666666666666,0.18421052631578946,False,405.0562150000019
easyocr,1.7.2,syn0211,synthetic,sentence,nastaliq,noto-nastaliq,mild,0.21052631578947367,0.6666666666666666,0.21052631578947367,False,295.82966999998916
easyocr,1.7.2,syn0212,synthetic,sentence,nastaliq,noto-nastaliq,heavy,0.5,1.0,0.5263157894736842,False,592.9176519999828
easyocr,1.7.2,syn0213,synthetic,sentence,nastaliq,gulzar,clean,0.18421052631578946,0.6666666666666666,0.21052631578947367,False,294.88035200000695
easyocr,1.7.2,syn0214,synthetic,sentence,nastaliq,gulzar,mild,0.23684210526315788,0.8888888888888888,0.23684210526315788,False,351.36782799997945
easyocr,1.7.2,syn0215,synthetic,sentence,nastaliq,gulzar,heavy,0.23684210526315788,0.7777777777777778,0.23684210526315788,False,592.0371779999982
easyocr,1.7.2,syn0216,synthetic,sentence,naskh,lateef,clean,0.10526315789473684,0.5555555555555556,0.15789473684210525,False,565.8790809999914
easyocr,1.7.2,syn0217,synthetic,sentence,naskh,lateef,mild,0.10526315789473684,0.5555555555555556,0.15789473684210525,False,510.28274600000145
easyocr,1.7.2,syn0218,synthetic,sentence,naskh,lateef,heavy,0.10526315789473684,0.4444444444444444,0.15789473684210525,False,345.7932570000253
easyocr,1.7.2,syn0219,synthetic,sentence,naskh,noto-naskh,clean,0.05263157894736842,0.4444444444444444,0.10526315789473684,False,509.39815600000315
easyocr,1.7.2,syn0220,synthetic,sentence,naskh,noto-naskh,mild,0.07894736842105263,0.3333333333333333,0.13157894736842105,False,566.0349949999954
easyocr,1.7.2,syn0221,synthetic,sentence,naskh,noto-naskh,heavy,0.05263157894736842,0.4444444444444444,0.10526315789473684,False,566.4634949999936
easyocr,1.7.2,syn0222,synthetic,sentence,naskh,scheherazade,clean,0.07894736842105263,0.4444444444444444,0.13157894736842105,False,508.77434400001675
easyocr,1.7.2,syn0223,synthetic,sentence,naskh,scheherazade,mild,0.05263157894736842,0.4444444444444444,0.10526315789473684,False,510.5437039999856
easyocr,1.7.2,syn0224,synthetic,sentence,naskh,scheherazade,heavy,0.10526315789473684,0.5555555555555556,0.15789473684210525,False,459.31021900000246
easyocr,1.7.2,syn0225,synthetic,sentence,nastaliq,noto-nastaliq,clean,0.13953488372093023,0.5,0.13953488372093023,False,401.1599639999872
easyocr,1.7.2,syn0226,synthetic,sentence,nastaliq,noto-nastaliq,mild,0.18604651162790697,0.5,0.18604651162790697,False,347.7331809999953
easyocr,1.7.2,syn0227,synthetic,sentence,nastaliq,noto-nastaliq,heavy,0.16279069767441862,0.5,0.16279069767441862,False,346.41622099999836
easyocr,1.7.2,syn0228,synthetic,sentence,nastaliq,gulzar,clean,0.4186046511627907,0.9,0.4186046511627907,False,701.5520109999898
easyocr,1.7.2,syn0229,synthetic,sentence,nastaliq,gulzar,mild,0.23255813953488372,0.6,0.23255813953488372,False,292.7523120000046
easyocr,1.7.2,syn0230,synthetic,sentence,nastaliq,gulzar,heavy,0.3023255813953488,0.8,0.3023255813953488,False,692.7677340000002
easyocr,1.7.2,syn0231,synthetic,sentence,naskh,lateef,clean,0.046511627906976744,0.1,0.09302325581395349,False,615.9933499999966
easyocr,1.7.2,syn0232,synthetic,sentence,naskh,lateef,mild,0.0,0.0,0.046511627906976744,True,564.7826480000049
easyocr,1.7.2,syn0233,synthetic,sentence,naskh,lateef,heavy,0.023255813953488372,0.1,0.06976744186046512,False,524.1373709999948
easyocr,1.7.2,syn0234,synthetic,sentence,naskh,noto-naskh,clean,0.023255813953488372,0.1,0.06976744186046512,False,728.2527029999812
easyocr,1.7.2,syn0235,synthetic,sentence,naskh,noto-naskh,mild,0.11627906976744186,0.4,0.13953488372093023,False,621.8211720000113
easyocr,1.7.2,syn0236,synthetic,sentence,naskh,noto-naskh,heavy,0.0,0.0,0.046511627906976744,True,566.4666330000045
easyocr,1.7.2,syn0237,synthetic,sentence,naskh,scheherazade,clean,0.046511627906976744,0.2,0.09302325581395349,False,726.7507230000092
easyocr,1.7.2,syn0238,synthetic,sentence,naskh,scheherazade,mild,0.046511627906976744,0.2,0.06976744186046512,False,569.3169179999984
easyocr,1.7.2,syn0239,synthetic,sentence,naskh,scheherazade,heavy,0.11627906976744186,0.4,0.16279069767441862,False,460.3124209999976
easyocr,1.7.2,syn0240,synthetic,sentence,nastaliq,noto-nastaliq,clean,0.07142857142857142,0.4444444444444444,0.07142857142857142,False,459.0889920000052
easyocr,1.7.2,syn0241,synthetic,sentence,nastaliq,noto-nastaliq,mild,0.11904761904761904,0.6666666666666666,0.11904761904761904,False,414.01782200000525
easyocr,1.7.2,syn0242,synthetic,sentence,nastaliq,noto-nastaliq,heavy,0.11904761904761904,0.6666666666666666,0.11904761904761904,False,407.45967199998745
easyocr,1.7.2,syn0243,synthetic,sentence,nastaliq,gulzar,clean,0.07142857142857142,0.4444444444444444,0.07142857142857142,False,457.35506500000156
easyocr,1.7.2,syn0244,synthetic,sentence,nastaliq,gulzar,mild,0.07142857142857142,0.4444444444444444,0.07142857142857142,False,403.32734000000414
easyocr,1.7.2,syn0245,synthetic,sentence,nastaliq,gulzar,heavy,0.4523809523809524,1.0,0.4523809523809524,False,695.9583189999989
easyocr,1.7.2,syn0246,synthetic,sentence,naskh,lateef,clean,0.07142857142857142,0.2222222222222222,0.09523809523809523,False,564.2803860000072
easyocr,1.7.2,syn0247,synthetic,sentence,naskh,lateef,mild,0.047619047619047616,0.1111111111111111,0.07142857142857142,False,620.9524559999977
easyocr,1.7.2,syn0248,synthetic,sentence,naskh,lateef,heavy,0.047619047619047616,0.2222222222222222,0.07142857142857142,False,460.9108509999942
easyocr,1.7.2,syn0249,synthetic,sentence,naskh,noto-naskh,clean,0.047619047619047616,0.2222222222222222,0.07142857142857142,False,564.5364709999967
easyocr,1.7.2,syn0250,synthetic,sentence,naskh,noto-naskh,mild,0.11904761904761904,0.4444444444444444,0.14285714285714285,False,783.7951349999912
easyocr,1.7.2,syn0251,synthetic,sentence,naskh,noto-naskh,heavy,0.11904761904761904,0.5555555555555556,0.14285714285714285,False,567.2679790000075
easyocr,1.7.2,syn0252,synthetic,sentence,naskh,scheherazade,clean,0.11904761904761904,0.5555555555555556,0.14285714285714285,False,724.2207750000205
easyocr,1.7.2,syn0253,synthetic,sentence,naskh,scheherazade,mild,0.07142857142857142,0.4444444444444444,0.09523809523809523,False,511.4082679999967
easyocr,1.7.2,syn0254,synthetic,sentence,naskh,scheherazade,heavy,0.09523809523809523,0.4444444444444444,0.11904761904761904,False,567.5912549999964
easyocr,1.7.2,syn0255,synthetic,sentence,nastaliq,noto-nastaliq,clean,0.1702127659574468,0.6,0.1702127659574468,False,401.245949000014
easyocr,1.7.2,syn0256,synthetic,sentence,nastaliq,noto-nastaliq,mild,0.2553191489361702,0.8,0.2553191489361702,False,800.8261339999763
easyocr,1.7.2,syn0257,synthetic,sentence,nastaliq,noto-nastaliq,heavy,0.23404255319148937,0.6,0.2553191489361702,False,698.0760180000516
easyocr,1.7.2,syn0258,synthetic,sentence,nastaliq,gulzar,clean,0.1276595744680851,0.5,0.14893617021276595,False,348.60585900003116
easyocr,1.7.2,syn0259,synthetic,sentence,nastaliq,gulzar,mild,0.14893617021276595,0.5,0.1702127659574468,False,347.23255500000505
easyocr,1.7.2,syn0260,synthetic,sentence,nastaliq,gulzar,heavy,0.23404255319148937,0.7,0.2553191489361702,False,348.05568200005155
easyocr,1.7.2,syn0261,synthetic,sentence,naskh,lateef,clean,0.02127659574468085,0.2,0.0425531914893617,False,562.8198819999852
easyocr,1.7.2,syn0262,synthetic,sentence,naskh,lateef,mild,0.0851063829787234,0.5,0.10638297872340426,False,458.8841240000079
easyocr,1.7.2,syn0263,synthetic,sentence,naskh,lateef,heavy,0.0425531914893617,0.4,0.06382978723404255,False,564.189951000003
easyocr,1.7.2,syn0264,synthetic,sentence,naskh,noto-naskh,clean,0.0851063829787234,0.5,0.10638297872340426,False,781.0066160000133
easyocr,1.7.2,syn0265,synthetic,sentence,naskh,noto-naskh,mild,0.14893617021276595,0.7,0.1702127659574468,False,681.5986510000016
easyocr,1.7.2,syn0266,synthetic,sentence,naskh,noto-naskh,heavy,0.0425531914893617,0.4,0.06382978723404255,False,517.2522999999956
easyocr,1.7.2,syn0267,synthetic,sentence,naskh,scheherazade,clean,0.06382978723404255,0.4,0.06382978723404255,False,509.3619579999995
easyocr,1.7.2,syn0268,synthetic,sentence,naskh,scheherazade,mild,0.0851063829787234,0.5,0.10638297872340426,False,673.5009219999597
easyocr,1.7.2,syn0269,synthetic,sentence,naskh,scheherazade,heavy,0.02127659574468085,0.2,0.0425531914893617,False,512.9554409999741
easyocr,1.7.2,syn0270,synthetic,sentence,nastaliq,noto-nastaliq,clean,0.1891891891891892,0.75,0.21621621621621623,False,291.9682210000474
easyocr,1.7.2,syn0271,synthetic,sentence,nastaliq,noto-nastaliq,mild,0.16216216216216217,0.625,0.1891891891891892,False,285.36398300002475
easyocr,1.7.2,syn0272,synthetic,sentence,nastaliq,noto-nastaliq,heavy,0.35135135135135137,0.75,0.3783783783783784,False,578.8956330000019
easyocr,1.7.2,syn0273,synthetic,sentence,nastaliq,gulzar,clean,0.13513513513513514,0.75,0.16216216216216217,False,346.30714299999
easyocr,1.7.2,syn0274,synthetic,sentence,nastaliq,gulzar,mild,0.16216216216216217,0.875,0.16216216216216217,False,291.98141099999475
easyocr,1.7.2,syn0275,synthetic,sentence,nastaliq,gulzar,heavy,0.21621621621621623,0.875,0.21621621621621623,False,290.34951800002773
easyocr,1.7.2,syn0276,synthetic,sentence,naskh,lateef,clean,0.02702702702702703,0.25,0.08108108108108109,False,344.6119449999969
easyocr,1.7.2,syn0277,synthetic,sentence,naskh,lateef,mild,0.08108108108108109,0.375,0.16216216216216217,False,404.1154610000035
easyocr,1.7.2,syn0278,synthetic,sentence,naskh,lateef,heavy,0.10810810810810811,0.75,0.16216216216216217,False,346.20055300001695
easyocr,1.7.2,syn0279,synthetic,sentence,naskh,noto-naskh,clean,0.10810810810810811,0.625,0.16216216216216217,False,561.7525410000326
easyocr,1.7.2,syn0280,synthetic,sentence,naskh,noto-naskh,mild,0.10810810810810811,0.625,0.16216216216216217,False,400.862960999973
easyocr,1.7.2,syn0281,synthetic,sentence,naskh,noto-naskh,heavy,0.05405405405405406,0.375,0.10810810810810811,False,400.01507699997774
easyocr,1.7.2,syn0282,synthetic,sentence,naskh,scheherazade,clean,0.13513513513513514,0.625,0.16216216216216217,False,401.7495639999993
easyocr,1.7.2,syn0283,synthetic,sentence,naskh,scheherazade,mild,0.08108108108108109,0.5,0.13513513513513514,False,453.86353699996107
easyocr,1.7.2,syn0284,synthetic,sentence,naskh,scheherazade,heavy,0.05405405405405406,0.25,0.08108108108108109,False,395.38691600000675
easyocr,1.7.2,syn0285,synthetic,sentence,nastaliq,noto-nastaliq,clean,0.3055555555555556,0.75,0.3611111111111111,False,338.33991000000196
easyocr,1.7.2,syn0286,synthetic,sentence,nastaliq,noto-nastaliq,mild,0.2222222222222222,0.75,0.25,False,340.59681200000114
easyocr,1.7.2,syn0287,synthetic,sentence,nastaliq,noto-nastaliq,heavy,0.4722222222222222,1.0,0.4722222222222222,False,682.3759719999885
easyocr,1.7.2,syn0288,synthetic,sentence,nastaliq,gulzar,clean,0.25,0.75,0.3055555555555556,False,338.1664080000064
easyocr,1.7.2,syn0289,synthetic,sentence,nastaliq,gulzar,mild,0.2777777777777778,0.875,0.3333333333333333,False,339.2318799999998
easyocr,1.7.2,syn0290,synthetic,sentence,nastaliq,gulzar,heavy,0.3333333333333333,0.875,0.3333333333333333,False,284.50378000002274
easyocr,1.7.2,syn0291,synthetic,sentence,naskh,lateef,clean,0.05555555555555555,0.25,0.1388888888888889,False,392.1862830000009
easyocr,1.7.2,syn0292,synthetic,sentence,naskh,lateef,mild,0.05555555555555555,0.25,0.1388888888888889,False,448.4966310000118
easyocr,1.7.2,syn0293,synthetic,sentence,naskh,lateef,heavy,0.05555555555555555,0.25,0.1111111111111111,False,502.7674940000111
easyocr,1.7.2,syn0294,synthetic,sentence,naskh,noto-naskh,clean,0.08333333333333333,0.25,0.1111111111111111,False,502.984290000029
easyocr,1.7.2,syn0295,synthetic,sentence,naskh,noto-naskh,mild,0.08333333333333333,0.5,0.16666666666666666,False,505.2770970000324
easyocr,1.7.2,syn0296,synthetic,sentence,naskh,noto-naskh,heavy,0.05555555555555555,0.375,0.1388888888888889,False,394.1650289999643
easyocr,1.7.2,syn0297,synthetic,sentence,naskh,scheherazade,clean,0.08333333333333333,0.25,0.1111111111111111,False,451.43353699995714
easyocr,1.7.2,syn0298,synthetic,sentence,naskh,scheherazade,mild,0.1388888888888889,0.375,0.16666666666666666,False,393.7977960000012
easyocr,1.7.2,syn0299,synthetic,sentence,naskh,scheherazade,heavy,0.1111111111111111,0.375,0.19444444444444445,False,392.7660749999973
easyocr,1.7.2,syn0300,synthetic,numeric,nastaliq,noto-nastaliq,mild,0.125,0.5,0.125,False,127.9884710000374
easyocr,1.7.2,syn0301,synthetic,numeric,nastaliq,gulzar,mild,0.0,0.0,0.0,True,124.01792100001785
easyocr,1.7.2,syn0302,synthetic,numeric,naskh,lateef,mild,0.25,0.5,0.25,False,183.39061500000753
easyocr,1.7.2,syn0303,synthetic,numeric,naskh,noto-naskh,mild,0.0,0.0,0.0,True,180.1681599999938
easyocr,1.7.2,syn0304,synthetic,numeric,naskh,scheherazade,mild,0.125,0.5,0.125,False,177.20060800002102
easyocr,1.7.2,syn0305,synthetic,numeric,nastaliq,noto-nastaliq,mild,0.4,1.5,0.7,False,180.75000400000363
easyocr,1.7.2,syn0306,synthetic,numeric,nastaliq,gulzar,mild,0.1,0.5,0.6,False,230.92379600001323
easyocr,1.7.2,syn0307,synthetic,numeric,naskh,lateef,mild,0.0,0.0,0.5,True,177.60904700003266
easyocr,1.7.2,syn0308,synthetic,numeric,naskh,noto-naskh,mild,0.2,0.5,0.7,False,232.94632999994747
easyocr,1.7.2,syn0309,synthetic,numeric,naskh,scheherazade,mild,0.0,0.0,0.5,True,231.4429099999984
easyocr,1.7.2,syn0310,synthetic,numeric,nastaliq,noto-nastaliq,mild,0.0,0.0,0.0,True,178.6359409999818
easyocr,1.7.2,syn0311,synthetic,numeric,nastaliq,gulzar,mild,0.08333333333333333,0.5,0.08333333333333333,False,178.9546399999722
easyocr,1.7.2,syn0312,synthetic,numeric,naskh,lateef,mild,0.0,0.0,0.0,True,237.4117740000088
easyocr,1.7.2,syn0313,synthetic,numeric,naskh,noto-naskh,mild,0.0,0.0,0.0,True,234.14100600001575
easyocr,1.7.2,syn0314,synthetic,numeric,naskh,scheherazade,mild,0.16666666666666666,0.5,0.16666666666666666,False,231.76980199997388
easyocr,1.7.2,syn0315,synthetic,numeric,nastaliq,noto-nastaliq,mild,0.8333333333333334,1.0,0.8333333333333334,False,286.37917200001084
easyocr,1.7.2,syn0316,synthetic,numeric,nastaliq,gulzar,mild,0.8333333333333334,1.0,0.8333333333333334,False,394.0018710000004
easyocr,1.7.2,syn0317,synthetic,numeric,naskh,lateef,mild,0.8333333333333334,1.0,0.8333333333333334,False,288.71507299999166
easyocr,1.7.2,syn0318,synthetic,numeric,naskh,noto-naskh,mild,0.8333333333333334,1.0,0.8333333333333334,False,392.1062609999808
easyocr,1.7.2,syn0319,synthetic,numeric,naskh,scheherazade,mild,0.8333333333333334,1.0,0.8333333333333334,False,341.39012400004276
easyocr,1.7.2,syn0320,synthetic,numeric,nastaliq,noto-nastaliq,mild,0.6666666666666666,2.0,0.7777777777777778,False,231.3115730000277
easyocr,1.7.2,syn0321,synthetic,numeric,nastaliq,gulzar,mild,0.0,0.0,0.4444444444444444,True,180.48342800000228
easyocr,1.7.2,syn0322,synthetic,numeric,naskh,lateef,mild,0.0,0.0,0.4444444444444444,True,180.6262830000378
easyocr,1.7.2,syn0323,synthetic,numeric,naskh,noto-naskh,mild,0.2222222222222222,0.5,0.6666666666666666,False,238.33881799998835
easyocr,1.7.2,syn0324,synthetic,numeric,naskh,scheherazade,mild,0.5555555555555556,1.5,0.6666666666666666,False,180.27692700002262
easyocr,1.7.2,syn0325,synthetic,numeric,nastaliq,noto-nastaliq,mild,0.0,0.0,0.5,True,123.98829299996805
easyocr,1.7.2,syn0326,synthetic,numeric,nastaliq,gulzar,mild,0.0,0.0,0.5,True,122.90746799999397
easyocr,1.7.2,syn0327,synthetic,numeric,naskh,lateef,mild,0.1,0.5,0.6,False,180.52175600001874
easyocr,1.7.2,syn0328,synthetic,numeric,naskh,noto-naskh,mild,0.0,0.0,0.5,True,234.12105699998165
easyocr,1.7.2,syn0329,synthetic,numeric,naskh,scheherazade,mild,0.0,0.0,0.5,True,234.14870899995321
easyocr,1.7.2,syn0330,synthetic,numeric,nastaliq,noto-nastaliq,mild,0.0,0.0,0.0,True,124.30007199998272
easyocr,1.7.2,syn0331,synthetic,numeric,nastaliq,gulzar,mild,0.25,0.5,0.25,False,123.90627000002041
easyocr,1.7.2,syn0332,synthetic,numeric,naskh,lateef,mild,0.0,0.0,0.0,True,179.2173339999863
easyocr,1.7.2,syn0333,synthetic,numeric,naskh,noto-naskh,mild,0.25,0.5,0.25,False,235.37739500000043
easyocr,1.7.2,syn0334,synthetic,numeric,naskh,scheherazade,mild,0.25,0.5,0.25,False,180.28083299998343
easyocr,1.7.2,syn0335,synthetic,numeric,nastaliq,noto-nastaliq,mild,0.2631578947368421,0.6666666666666666,0.2631578947368421,False,234.5602769999573
easyocr,1.7.2,syn0336,synthetic,numeric,nastaliq,gulzar,mild,0.3157894736842105,0.5,0.3157894736842105,False,236.0873729999753
easyocr,1.7.2,syn0337,synthetic,numeric,naskh,lateef,mild,0.10526315789473684,0.16666666666666666,0.10526315789473684,False,346.4220700000169
easyocr,1.7.2,syn0338,synthetic,numeric,naskh,noto-naskh,mild,0.10526315789473684,0.16666666666666666,0.10526315789473684,False,342.8113209999992
easyocr,1.7.2,syn0339,synthetic,numeric,naskh,scheherazade,mild,0.10526315789473684,0.16666666666666666,0.10526315789473684,False,344.40929300001244
easyocr,1.7.2,syn0340,synthetic,numeric,nastaliq,noto-nastaliq,mild,0.0,0.0,0.0,True,234.69381699999303
easyocr,1.7.2,syn0341,synthetic,numeric,nastaliq,gulzar,mild,0.0,0.0,0.0,True,235.05383900004517
easyocr,1.7.2,syn0342,synthetic,numeric,naskh,lateef,mild,0.0,0.0,0.0,True,233.18021200003614
easyocr,1.7.2,syn0343,synthetic,numeric,naskh,noto-naskh,mild,0.0,0.0,0.0,True,234.6986440000478
easyocr,1.7.2,syn0344,synthetic,numeric,naskh,scheherazade,mild,0.0,0.0,0.0,True,231.634879000012
easyocr,1.7.2,syn0345,synthetic,numeric,nastaliq,noto-nastaliq,mild,0.42857142857142855,1.0,0.42857142857142855,False,179.18910200000937
easyocr,1.7.2,syn0346,synthetic,numeric,nastaliq,gulzar,mild,0.42857142857142855,1.0,0.42857142857142855,False,178.17086100001234
easyocr,1.7.2,syn0347,synthetic,numeric,naskh,lateef,mild,0.2857142857142857,0.5,0.2857142857142857,False,179.25420000000258
easyocr,1.7.2,syn0348,synthetic,numeric,naskh,noto-naskh,mild,0.5714285714285714,1.0,0.5714285714285714,False,178.63449800000808
easyocr,1.7.2,syn0349,synthetic,numeric,naskh,scheherazade,mild,0.42857142857142855,1.0,0.42857142857142855,False,178.12437099996714
